,Event,Record Attendance,Record Week,This Week
0,Aachener Weiher,92,03/10/2023,53
1,Abbey Park,364,13/05/2023,
2,Aberbeeg,364,01/01/2020,50
3,Aberdare,171,23/06/2018,90
4,Aberdeen,630,01/01/2020,326
5,Aberfields,180,19/08/2023,46
6,Aberystwyth,184,26/08/2023,114
7,Aberystwyth juniors,59,03/05/2015,42
8,Abingdon,507,14/09/2019,167
9,Achill Greenway,78,29/07/2023,35
10,Acton juniors,128,17/03/2019,42
11,Aggeneys,55,15/09/2018,
12,Aggeneys,55,23/10/2021,
13,Agnew,169,01/02/2020,39
14,Airlie Beach,135,01/07/2023,68
15,Akkerendam Nature Reserve,70,29/04/2023,19
16,Akrotiri,225,01/07/2023,72
17,Albert,590,01/01/2019,281
18,Albert College juniors,170,12/03/2017,54
19,Albert Melbourne,997,11/02/2017,589
20,Alberton Ascot,33,31/12/2022,
21,Alberts Farm,917,13/01/2018,242
22,Albury Wodonga,379,04/02/2017,235
23,Aldenham,232,20/04/2019,93
24,Alderford Lake,325,31/08/2019,
25,Alderley Park,258,16/07/2022,136
26,Alderman Kneeshaw juniors,60,05/05/2019,28
27,Aldinga Beach,259,01/01/2020,82
28,Alexandra,646,21/10/2023,472
29,"Alexandra juniors, Moss Side",95,11/09/2022,59
30,"Alexandra juniors, Oldham",111,05/03/2017,25
31,Alice Holt,756,01/01/2020,247
32,Aliwal North Golf Club,105,09/09/2023,42
33,Allerpark,158,28/10/2023,62
34,Ally Pally,444,11/01/2020,
35,Alness,244,14/09/2019,80
36,Alstervorland,202,15/07/2023,87
37,Alton Water,179,06/11/2021,45
38,Altona Beach,212,08/02/2020,122
39,Alvaston,585,01/01/2020,301
40,Alyn Waters juniors,68,21/07/2019,34
41,Amager Fælled,402,05/06/2023,97
42,Amager Strandpark,644,05/06/2023,56
43,Amanzimtoti,467,08/06/2019,152
44,Ambleside,114,02/09/2023,61
45,Amsterdamse Bos,508,14/10/2023,175
46,Anacostia,73,11/01/2020,26
47,Ancholme Valley Way,223,05/02/2022,86
48,Anchorsholme juniors,48,16/01/2022,35
49,Anderson,185,14/10/2023,
50,Andover,485,04/01/2020,233
51,Andover juniors,153,07/05/2017,36
52,Anstey Hill Recreation,106,27/08/2022,44
53,Antrim,491,29/07/2023,279
54,Aplins Weir,291,28/04/2018,93
55,Applecross,268,06/05/2017,194
56,Ara Harakeke,155,04/02/2023,88
57,Ararat,97,23/03/2019,48
58,Archerfield Walled Garden juniors,142,13/03/2022,89
59,Ardgillan,205,29/04/2023,80
60,Arklow Duck Pond juniors,146,17/11/2019,26
61,Armagh,211,26/03/2016,62
62,Armidale,280,13/03/2021,151
63,Armley,437,01/01/2019,107
64,Arrow Rest,136,17/09/2022,51
65,Arrow Valley,604,11/01/2020,248
66,Ashbourne Recreation Ground,229,03/06/2023,68
67,Ashford,375,13/07/2019,124
68,Ashford juniors,103,21/05/2017,56
69,Ashgrove,490,01/01/2020,228
70,Ashington Community Woodland,230,22/07/2023,45
71,Ashlyns juniors,73,18/07/2021,35
72,Ashton Court,698,25/01/2020,399
73,Aspen,21,07/04/2018,10
74,Aston Hall,105,04/11/2023,105
75,Atherton,128,22/07/2023,98
76,Athlone,141,23/01/2016,28
77,Atholl,805,03/03/2018,149
78,Atlasville,1017,12/01/2019,212
79,Augustów,34,21/11/2015,11
80,Auldcathie District,601,07/01/2023,194
81,Aurora,135,09/11/2019,58
82,Australian Standing Stones,78,25/02/2023,18
83,Aveley,141,07/03/2020,97
84,Avenham Park juniors,130,30/06/2019,55
85,Avery Beach,47,13/08/2022,
86,Aviators Paradise,176,02/09/2023,65
87,Aviemore,179,20/04/2019,62
88,Avondale Forest,207,08/04/2023,58
89,Avondale University College,243,27/03/2021,59
90,Aylesbury,314,20/04/2019,
91,Aylesbury juniors,105,21/07/2019,37
92,Aylestone juniors,202,18/09/2016,49
93,Ayr,140,20/09/2014,85
94,Babbs Mill,352,21/01/2023,75
95,Bahnstadt Promenade,131,30/09/2023,59
96,Bailey juniors,57,17/11/2019,18
97,Bairnsdale,165,12/03/2016,65
98,Balbriggan juniors,98,15/10/2017,27
99,Balclutha,128,01/01/2020,43
100,Ballachulish Quarry juniors,24,29/10/2023,15
101,Ballina,234,16/01/2016,72
102,Ballina Coast,284,28/12/2019,124
103,Ballinamore Greenway,178,09/07/2022,37
104,Ballincollig,604,09/02/2019,258
105,Ballincollig Regional juniors,221,08/09/2019,73
106,Ballito,649,28/04/2018,198
107,Baltimore and Annapolis Trail,85,16/09/2023,43
108,Balyang Sanctuary,283,22/02/2020,248
109,Bambra Bolinda,26,31/12/2022,
110,Banbury,426,04/05/2019,131
111,Bangor,420,07/05/2016,268
112,Bangor juniors,274,24/04/2016,54
113,Bankton Mains Park juniors,71,26/09/2021,34
114,Bannockburn Bush,208,14/10/2017,81
115,Banstead Woods,388,25/12/2019,132
116,Bapsfontein Hotel,169,22/01/2022,32
117,Barclay,180,04/05/2019,70
118,Bargara,340,08/04/2023,233
119,Baringa,196,08/12/2018,77
120,Barking,306,25/12/2019,122
121,Barking juniors,41,04/06/2023,34
122,Barking juniors,41,23/07/2023,34
123,Barnsley,343,15/09/2018,247
124,Barnsley juniors,145,22/05/2016,37
125,Barnstaple,293,01/01/2019,105
126,Barnstaple juniors,145,27/05/2018,39
127,Barrow,242,05/01/2019,168
128,Barrow juniors,106,10/06/2018,44
129,Barry Curtis,261,01/02/2020,205
130,Barry Island,616,01/01/2019,87
131,Barry juniors,98,20/08/2017,23
132,Barshaw juniors,97,21/07/2019,22
133,Bartley Park,228,15/01/2022,55
134,Barton Trail,45,11/06/2022,12
135,Basildon,281,01/06/2019,114
136,Basingstoke,707,11/01/2020,343
137,Basingstoke juniors,218,14/05/2017,77
138,Batemans Bay,245,31/12/2022,67
139,Bath Odd Down juniors,184,19/05/2019,68
140,Bath Skyline,542,04/01/2020,234
141,Bathurst,511,18/02/2023,187
142,Battery Park juniors,49,26/01/2020,27
143,Baxter,29,15/07/2023,4
144,Baxter Park juniors,95,29/05/2022,34
145,Baysgarth Park,210,21/10/2023,181
146,Bayview Road,52,19/06/2021,14
147,Beach Strip,74,05/08/2023,46
148,Beacon,689,18/01/2020,233
149,Beacon Hill Country Park,296,04/03/2023,165
150,Beacon juniors,83,29/10/2023,58
151,Bear Creek Greenbelt,160,30/07/2022,72
152,Beatrixpark,185,29/05/2023,50
153,Beaufort Lake,59,27/08/2022,12
154,Beaumont Park juniors,100,02/07/2023,23
155,Beckenham Place,426,10/06/2023,205
156,Beckenham Place juniors,78,14/05/2023,32
157,Beckton,159,22/04/2017,49
158,Bedfont Lakes,314,03/09/2016,86
159,Bedford,613,18/01/2020,305
160,Bedford juniors,116,21/05/2017,44
161,Bedgebury Pinetum,380,04/01/2020,135
162,Bedworth,379,15/02/2020,
163,Beechpark juniors,114,12/09/2021,60
164,Beehive juniors,165,07/05/2017,47
165,Beeston,630,18/01/2020,273
166,Bega,148,26/03/2016,52
167,Belfast Victoria,431,01/01/2020,258
168,Belfast Victoria juniors,80,22/05/2022,57
169,Bellerive,412,01/01/2020,328
170,Bellevue,44,15/07/2017,13
171,Bellevue Park juniors,110,28/02/2021,35
172,Bells Parade,188,06/08/2022,60
173,Bellville,1607,20/01/2018,654
174,Belton House,591,01/01/2019,243
175,Belvoir Castle,313,22/01/2022,93
176,Benalla Botanical Gardens,151,09/11/2019,48
177,Bendigo Botanic Gardens,160,24/12/2022,72
178,Bere Island,181,08/08/2015,26
179,Berkeley Green,274,01/02/2020,116
180,Berrinba,395,01/01/2020,157
181,Berwick Springs,404,01/01/2019,159
182,Berwick Waters,204,09/11/2019,77
183,Berwyn,204,05/03/2022,70
184,Bestwood Village,406,01/01/2020,112
185,Bethlehem,274,09/09/2017,69
186,Bethlem Royal Hospital,280,22/06/2019,48
187,Betteshanger juniors,54,21/05/2017,21
188,Betty’s Bay,537,29/12/2018,164
189,Bevendean Down,158,01/01/2023,29
190,Beverley Westwood,419,13/07/2019,167
191,Bexley,727,01/01/2020,
192,Bezuidenhout,412,27/01/2018,134
193,Białystok,98,24/06/2023,62
194,Bibra Lake,396,25/01/2020,263
195,Bicester,682,29/07/2023,169
196,Bickershaw,23,06/04/2019,4
197,Bideford,277,01/01/2019,95
198,Big Bay,762,23/01/2016,293
199,Bill Rose Sports Complex,238,31/08/2019,18
200,Bill Thorpe Walking Bridge,69,13/11/2021,32
201,Billdalsparken,221,06/06/2023,39
202,Billericay,502,23/03/2019,
203,Billingham juniors,35,29/04/2018,8
204,Birchwood Trails,24,29/07/2023,18
205,Birdsland Reserve,170,11/01/2020,94
206,Birkenhead,793,18/01/2020,512
207,Bishan,150,01/01/2019,98
208,Black Combe,63,24/06/2023,37
209,Black Park,888,18/01/2020,364
210,Blackbutt,538,03/08/2013,163
211,Blackhill,143,24/12/2016,72
212,Blackpool,695,01/01/2020,262
213,Blaise Castle,582,20/05/2023,153
214,Blandford,312,04/01/2020,163
215,Blenheim,93,31/12/2022,61
216,Blickling,558,01/01/2018,197
217,Blickling juniors,64,30/01/2022,30
218,Bloxwich juniors,102,02/07/2023,33
219,Blue Gum Hills,163,06/09/2014,85
220,Blue Lagoon,258,30/03/2019,45
221,Blyth Links,724,01/01/2020,
222,Błonie,117,24/06/2023,30
223,"Błonie, Krotoszyn",116,06/05/2023,34
224,Bodington juniors,126,05/01/2020,85
225,Bodmin juniors,73,17/09/2017,19
226,Bognor Regis,442,01/01/2020,
227,Bognor Regis juniors,151,03/06/2018,
228,Bois de Boulogne,206,13/04/2019,
229,Boksburg,1523,20/01/2018,270
230,Bolberry Down,254,26/08/2023,
231,Bolton,472,09/06/2018,223
232,Borrisokane Town,160,01/02/2020,6
233,Bosmont Stadium,308,16/03/2019,84
234,Boston,234,20/04/2019,129
235,Boston Road Rec juniors,118,19/01/2020,18
236,Botanical Garden,2263,19/01/2019,733
237,Bourke Racecourse,57,09/11/2019,28
238,Bournemouth,967,01/01/2020,303
239,Bowen,152,11/03/2023,29
240,Bower Park,108,23/09/2023,21
241,Bowling Park,261,29/02/2020,79
242,Brabrand,90,11/05/2013,44
243,Bracknell,469,11/06/2016,
244,Bracknell juniors,227,13/01/2019,
245,Braidwood Showground,183,22/09/2018,
246,Brakpan,545,21/04/2018,13
247,Bramhall Park,726,21/12/2019,299
248,Bramley,309,01/01/2018,108
249,Bramley juniors,64,29/10/2017,28
250,Bramshall Road,161,28/05/2022,
251,Brandkop,570,18/01/2020,216
252,Brandon Country Park,457,01/01/2020,66
253,Brauhaus Afrika,228,03/09/2022,88
254,Braunstone,891,01/01/2020,302
255,Bray juniors,93,05/02/2017,61
256,Brayton Academy juniors,87,27/06/2021,14
257,Breakwater,100,03/06/2023,27
258,Breckland Leisure Centre juniors,75,27/10/2019,20
259,Bredasdorp,179,20/10/2018,53
260,Breede Valley,366,15/02/2020,141
261,Brentwood,226,24/08/2019,63
262,Bressay,94,19/01/2019,33
263,Bretton Park juniors,21,28/08/2022,6
264,Brickfields,190,06/01/2018,72
265,Bridgend juniors,168,04/06/2023,121
266,Bridgetown,515,28/01/2017,65
267,Brierley Forest,373,01/01/2019,168
268,Brighouse,507,31/08/2019,193
269,Brighouse juniors,83,21/07/2019,26
270,Bright,246,27/01/2018,106
271,Brighton & Hove,859,01/01/2020,447
272,Brightwater,398,01/01/2020,223
273,Brimbank,350,19/08/2017,89
274,Brisbane Valley Rail Trail,199,14/01/2023,23
275,Brixworth Country,311,11/01/2020,95
276,Broad Park,261,25/02/2023,118
277,Broadbeach Waters,206,10/04/2021,99
278,Broadmeadow juniors,126,16/09/2018,64
279,Broadwater,289,19/08/2023,188
280,Brockenhurst,389,20/04/2019,194
281,Brockwell,687,11/01/2020,277
282,Brockwell juniors,149,19/01/2020,48
283,Broken Hill Racecourse,84,20/02/2021,28
284,Bromley,942,31/08/2019,437
285,Bromley juniors,240,19/05/2019,87
286,Bromsgrove juniors,206,15/05/2016,63
287,Bronberrik,897,01/04/2017,220
288,Bronkhorstspruit,167,16/02/2019,35
289,Brooklands,431,28/10/2023,413
290,Broparken,47,06/05/2023,
291,Brueton,749,19/01/2019,246
292,Brumby Wood Rec Ground juniors,212,26/01/2020,22
293,Brundall,274,01/01/2019,92
294,Bryanston,1753,20/01/2018,728
295,Bryn Bach,481,01/01/2020,86
296,Bryn Bach juniors,78,09/10/2016,20
297,Brynaman,110,19/10/2019,33
298,Buckingham,423,29/02/2020,
299,Buckingham juniors,110,13/05/2018,30
300,Bude Marshes juniors,54,13/08/2023,13
301,Bugasee,68,25/01/2020,16
302,Bulwar nad Wisłą,87,17/06/2023,25
303,Bunbury,172,28/10/2023,117
304,Buncrana,157,17/08/2019,75
305,Bundaberg,264,11/02/2017,64
306,Bunyaville,270,03/12/2016,110
307,Burgess,884,18/01/2020,456
308,Burgess juniors,50,23/05/2021,26
309,Burgess juniors,50,26/09/2021,26
310,Burley Griffin,659,25/12/2020,307
311,Burnage,267,09/09/2023,202
312,Burnham and Highbridge,589,20/04/2019,316
313,Burnham Riverside juniors,112,24/04/2022,17
314,Burnham-on-Crouch,179,22/07/2017,60
315,Burnie,240,09/06/2018,173
316,Burnley,799,26/08/2023,399
317,Burnley juniors,124,24/09/2017,81
318,Burslem Park juniors,59,30/06/2019,37
319,Burswood Peninsula,364,01/01/2020,110
320,Bury Field,205,20/11/2021,38
321,Bury St Edmunds,395,29/04/2017,153
322,Bury St Edmunds juniors,128,21/05/2017,38
323,Bushy juniors,432,06/10/2013,131
324,Bushy Park,2545,25/12/2019,1036
325,"Bushy, Dublin",440,08/02/2020,135
326,Butter Trail,33,12/08/2023,7
327,Bydgoszcz,105,13/01/2018,48
328,Byxbee,147,01/04/2023,102
329,Cabinteely,402,28/04/2018,114
330,Caffarella,153,18/03/2023,74
331,Cairns,395,23/01/2021,291
332,Calamvale,383,15/11/2014,142
333,Caledon Golf Course,118,22/04/2023,50
334,Caledonian juniors,43,08/10/2023,26
335,Calembeen,143,14/01/2023,22
336,California Country,495,01/01/2020,179
337,Calleya,129,07/03/2020,47
338,Calne Recreation Ground juniors,62,29/05/2022,29
339,Cambourne juniors,81,10/10/2021,
340,Cambourne juniors,81,17/10/2021,
341,Cambridge juniors,255,21/05/2017,77
342,Cambridge NZ,170,01/01/2019,100
343,Campaspe,279,02/11/2019,77
344,Campbelltown,286,29/02/2020,131
345,Camperdown,708,12/11/2022,
346,Cannibals Cave,119,28/03/2015,32
347,Canning River,373,06/04/2019,120
348,Cannock Chase,591,11/01/2020,228
349,Cannon Hill,1118,04/05/2019,382
350,Cannon Hill juniors,188,14/05/2017,52
351,Canons Park,290,25/12/2019,89
352,Canterbury,321,01/01/2020,74
353,Canton Lower Rouge Trail,50,13/05/2023,19
354,Canyon Rim Trail,68,30/09/2023,25
355,Capalaba,481,01/01/2020,177
356,Cape Agulhas,114,12/08/2023,72
357,Cape Pembroke Lighthouse,170,26/10/2019,30
358,Cardiff,1192,17/02/2018,485
359,Cardiff juniors,249,17/05/2015,132
360,Cardwell,80,17/03/2018,15
361,Carine Glades,382,30/09/2023,276
362,Carisbrooke,280,01/01/2020,130
363,Carlingwark Loch,127,28/10/2023,114
364,Carlisle,382,09/06/2018,178
365,Carlisle juniors,147,30/10/2016,
366,Carlisle Park,181,14/08/2021,96
367,Carlow Town,129,15/09/2018,48
368,Carmarthen juniors,76,28/05/2017,
369,Carnival City,519,27/04/2023,276
370,Carrickfergus,174,29/07/2017,81
371,Cascades on Clyde Wetlands,70,13/03/2021,32
372,Cassiobury,754,18/01/2020,296
373,Cassiobury juniors,85,21/05/2023,46
374,Castle Park,515,08/02/2020,185
375,Castle Playing Fields juniors,29,13/11/2022,11
376,Castlebar,190,14/01/2017,76
377,Castleblayney,76,19/01/2019,42
378,Castlehaven,124,23/01/2016,32
379,Castlemaine,187,01/01/2018,102
380,Castlerea,93,15/04/2017,32
381,Castletown,374,12/01/2019,
382,Castlewellan,567,23/09/2017,155
383,Casula Parklands,133,06/02/2021,47
384,Catford,318,11/01/2020,139
385,Catton,715,01/01/2019,270
386,Centenary,64,28/11/2020,6
387,Centennial,483,11/02/2023,361
388,Central Burnaby,154,09/09/2023,53
389,Central Lakes,207,22/02/2020,113
390,Central Park juniors,129,15/10/2017,44
391,"Central Park juniors, Boston",53,21/11/2021,
392,"Central, Plymouth",424,25/02/2023,373
393,Centre Vale,261,30/03/2019,127
394,Century City,1667,20/01/2018,637
395,Ceres,303,14/04/2018,83
396,Chadderton Hall,281,01/01/2020,93
397,Chaffey Park,54,09/04/2022,9
398,Chain of Lakes,117,08/04/2023,75
399,Chalkwell Beach,440,29/07/2023,224
400,Champion Lakes,148,01/01/2020,85
401,Charleston,112,12/08/2023,60
402,"Charleston, South Australia",120,05/10/2019,32
403,Charleys Creek,149,29/06/2019,45
404,Charlton,331,02/10/2021,109
405,Charters Towers Airport,66,25/03/2023,23
406,Charzykowy,101,17/02/2018,20
407,Chasewater,710,01/01/2020,152
408,Château de Pierre de Bresse,53,27/07/2019,
409,Cheadle Hulme,214,28/06/2014,16
410,Cheddar juniors,71,17/07/2016,26
411,Chelmsford Central,1090,28/10/2023,
412,Chelmsford juniors,300,02/07/2017,78
413,Chelsea Bicentennial,388,06/08/2016,301
414,Cheltenham,723,12/05/2018,270
415,Cheltenham juniors,217,21/05/2017,
416,Chełm,37,30/06/2018,3
417,Chermside,372,01/01/2017,283
418,Cherry Orchard juniors,62,08/03/2020,15
419,Cheshunt juniors,88,03/09/2017,20
420,Chester,614,01/01/2019,278
421,Chevin Forest,317,18/09/2021,140
422,Chichester,360,03/08/2019,124
423,Chichester juniors,134,07/05/2017,64
424,Chichibu Muse Park,24,12/08/2023,17
425,Chilton Fields,114,11/09/2021,40
426,Chippenham,492,25/12/2019,114
427,Chippenham juniors,116,22/05/2016,45
428,"Chippenham Playing Fields, Monmouth",173,20/08/2022,50
429,Chipping Norton,176,24/03/2018,75
430,Chipping Norton School,202,11/01/2020,56
431,Chipping Sodbury,558,11/01/2020,236
432,Chopwell Wood,169,06/11/2021,55
433,Christiana,166,21/07/2018,8
434,Christies Beach,275,30/09/2023,193
435,Chrzanów,500,14/10/2023,259
436,Chuo koen,51,01/10/2022,16
437,Church Mead,246,16/04/2022,39
438,Churchill,182,01/01/2020,40
439,Churchill Gardens juniors,231,13/01/2019,61
440,Churchill Parkway,46,29/06/2019,13
441,Cieszyn,167,24/09/2016,49
442,Cirencester,294,07/07/2018,90
443,"City Park, Iowa",27,10/09/2022,17
444,Citypark,486,12/03/2016,244
445,Clacton juniors,70,15/04/2018,5
446,Clacton Seafront,340,01/01/2019,97
447,Clair,260,25/12/2019,100
448,Claisebrook Cove,427,01/01/2020,167
449,Clapham Common,1310,11/01/2020,574
450,Clare Castle,232,01/01/2020,
451,Clare Valley,131,02/04/2022,57
452,Claremorris,195,27/01/2018,64
453,Clarence,252,23/09/2023,127
454,Clarens,253,29/04/2023,88
455,Clarisford,145,10/01/2015,24
456,Clashduv juniors,78,03/09/2023,43
457,Cleethorpes,309,25/05/2019,165
458,Cleland,227,22/07/2017,39
459,Clermont Waterfront,240,28/11/2019,134
460,Clevedon Salthouse Fields,480,11/01/2020,249
461,Clevedon Seafront juniors,94,15/01/2023,65
462,Cleveland,380,01/01/2020,151
463,Cliff Park juniors,60,07/07/2019,16
464,Cliffe Castle,453,15/09/2018,119
465,Clifton,204,03/03/2018,
466,Clitheroe Castle,161,09/09/2023,
467,Clitheroe Castle juniors,100,30/09/2018,
468,Clonakilty,100,26/09/2015,46
469,Clonbur Woods,195,18/05/2019,56
470,Cloncurry,63,28/10/2017,17
471,Clonmel,130,01/01/2020,
472,Clough Hall juniors,48,18/06/2023,
473,Clough Hall juniors,48,29/10/2023,
474,Clover Point,95,12/08/2023,65
475,Clumber Park,550,01/01/2020,285
476,Cobar,58,19/05/2018,22
477,Cobaw Clunes,19,31/12/2022,
478,Cobb Gate juniors,56,09/04/2023,26
479,Cobh juniors,163,27/05/2018,28
480,Cobram,240,20/04/2019,82
481,Coburg,485,01/01/2020,173
482,Coed Cefn-pwll-du,237,18/01/2020,10
483,Coffs Harbour,236,15/04/2023,129
484,Cohuna,86,20/04/2019,43
485,Colby,311,02/09/2023,106
486,Colchester Castle,543,04/01/2020,228
487,Colchester juniors,209,03/07/2016,111
488,Coldham’s Common,412,21/01/2023,272
489,Coldham’s Common juniors,92,19/09/2021,38
490,Coler Mountain Bike Preserve,63,16/07/2022,6
491,Coler Mountain Bike Preserve,63,20/08/2022,6
492,Colin Glen,234,23/06/2018,49
493,College Park,309,24/11/2022,172
494,Collett Park juniors,73,05/05/2019,65
495,Collie River Trail,117,03/08/2019,24
496,Colney Lane,479,16/04/2022,224
497,Colwick,573,01/01/2019,280
498,Comber,321,04/03/2017,124
499,Comber juniors,99,27/08/2017,31
500,Community Park juniors,53,28/05/2023,
501,Con Smith,236,04/01/2020,22
502,Concord,414,25/12/2019,199
503,Congleton,445,07/10/2023,351
504,Conkers,977,01/01/2020,523
505,Constantia Greenbelt,943,21/01/2017,397
506,Conwy,453,20/04/2019,203
507,Conwy Nature Reserve juniors,89,19/01/2020,19
508,Conyngham Hall,460,01/01/2020,90
509,Coober Pedy Oval,66,01/10/2022,42
510,Cooks River,286,25/12/2019,150
511,Coole,226,05/10/2019,57
512,Coombs,260,17/03/2018,175
513,Coomera,295,01/01/2019,109
514,Cooper Park juniors,139,03/09/2023,60
515,Cootehill,216,27/01/2018,57
516,Copper Trail,126,08/04/2023,39
517,Corby,376,12/08/2017,121
518,Corkagh,365,01/01/2020,189
519,Cormorant Bay,154,14/07/2018,27
520,Corner Brook Stream Trail,29,12/08/2023,21
521,Cornerstone Lakes,165,07/10/2023,22
522,Cornwall Park,420,01/02/2020,297
523,Coronation Park juniors,40,08/10/2023,28
524,Cosmeston Lakes,305,04/01/2020,81
525,Cotlands Park juniors,65,05/06/2022,
526,Cotsford Fields,171,01/01/2019,22
527,Cottenham Recreation Ground juniors,121,24/04/2022,25
528,Cottesloe,304,25/12/2019,116
529,Courthouse Lake,70,28/10/2023,43
530,Coventry,976,18/01/2020,388
531,"Cowpasture Reserve, Camden",446,22/09/2018,167
532,Cowra,110,11/11/2017,36
533,Cradock,77,24/08/2019,13
534,Cranbrook Country Park,274,01/01/2023,
535,Cranbrook Country Park juniors,98,18/04/2021,43
536,Crane Park,489,01/01/2019,128
537,Cranleigh,292,02/09/2023,139
538,Cranleigh juniors,87,09/09/2018,26
539,Crathes Castle,238,09/02/2019,83
540,Crawfordsburn Country,246,29/02/2020,69
541,Creekside,70,24/11/2022,22
542,Crewe,475,25/01/2020,298
543,Crichton,370,06/01/2018,118
544,Cromhall,98,04/01/2020,
545,Cronulla,181,28/11/2015,65
546,Crosby,381,21/01/2023,190
547,Cross Flatts,288,29/02/2020,135
548,Cross Flatts juniors,57,13/11/2016,16
549,Croxteth Hall,559,25/01/2020,280
550,Croyland Park juniors,44,05/11/2023,44
551,Crystal Palace,642,18/01/2020,282
552,Crystal Palace juniors,147,12/01/2020,87
553,Curl Curl,635,04/01/2020,371
554,Cusworth Hall,213,11/01/2020,121
555,Cwmbran,284,20/07/2019,82
556,Cyclopark,609,01/01/2020,165
557,Cyril Curtain Reserve,111,28/01/2023,55
558,Dąbrówka,121,02/09/2017,51
559,Dalby,197,18/02/2017,71
560,Dalby Forest,399,20/04/2019,161
561,Dallas Burston Polo Club,209,13/11/2021,38
562,Damhusengen,150,05/06/2023,34
563,Dandenong,260,29/02/2020,71
564,Danehy Park,129,02/09/2023,73
565,Darebin,539,01/01/2020,84
566,Darlington South Park,606,01/01/2020,381
567,Darndale,193,16/09/2023,
568,Dartford,393,18/01/2020,
569,Dartford Heath,192,12/05/2018,77
570,Dartford juniors,131,20/05/2018,
571,Darwin,223,13/02/2016,94
572,Daventry,511,01/01/2019,209
573,Daventry Country Park juniors,74,14/05/2023,61
574,Daventry Country Park juniors,74,02/07/2023,61
575,Daventry Country Park juniors,74,03/09/2023,61
576,Daventry Country Park juniors,74,15/10/2023,61
577,Dawesville,137,31/12/2022,97
578,De Potten,22,19/08/2023,8
579,Dean Castle Country Park,193,07/01/2023,95
580,Deep Run,106,01/06/2019,44
581,Deerpark Forest,262,07/09/2019,24
582,Deerpark juniors,143,12/01/2020,74
583,"Deerpark, Carlanstown",170,01/01/2020,33
584,Delamere,720,25/12/2019,298
585,Delaware and Raritan Canal,141,04/11/2023,141
586,Delftse Hout,182,29/05/2023,24
587,Delta,2130,20/01/2018,614
588,Denton Dene,263,24/06/2023,99
589,Depot Park,167,23/09/2023,91
590,Derby Park juniors,42,08/03/2020,16
591,Derry City,239,01/01/2020,151
592,Derry City juniors,101,14/01/2018,60
593,Derrynoid Forest,60,05/03/2022,30
594,Des Connor Park juniors,340,16/04/2023,160
595,Des Moines Creek,107,02/09/2023,27
596,Desborough Green Space juniors,137,05/05/2019,19
597,Devils Peak,54,24/07/2021,38
598,Devils Peak,54,26/11/2022,38
599,Devonport,331,10/02/2018,191
600,Devonport juniors,97,16/07/2023,83
601,Dewsbury,326,01/01/2020,149
602,Dewsbury juniors,75,22/05/2016,19
603,Dewsbury juniors,75,30/04/2017,19
604,Diamond Creek,397,01/01/2020,237
605,Didcot,412,20/04/2019,139
606,Dietenbach,100,03/10/2023,61
607,Dinton Pastures,656,01/01/2020,287
608,Dinton Pastures juniors,82,20/08/2023,72
609,"Dishley, Loughborough",520,27/07/2019,120
610,Dixon Field,164,13/05/2023,45
611,Dixton juniors,49,26/01/2020,29
612,Dodder Valley,341,05/11/2022,140
613,Doddington Hall,396,25/01/2020,288
614,Dolgellau,174,20/04/2019,31
615,Dolls Point,315,30/09/2023,282
616,Donabate,319,18/01/2020,130
617,Donaupark,204,22/04/2023,123
618,Donauradweg,35,01/10/2022,25
619,Donauradweg,35,18/03/2023,25
620,Donauradweg,35,09/09/2023,25
621,Donauradweg,35,30/09/2023,25
622,Donauradweg,35,28/10/2023,25
623,Dorset Recreation Reserve,173,05/11/2022,140
624,Dorset Recreation Reserve,173,30/09/2023,140
625,Dover Waterfront,218,30/09/2023,67
626,Dowds Farm juniors,147,08/03/2020,80
627,Downham Market Academy,98,05/03/2022,42
628,Downsview,132,28/10/2023,68
629,Downview,54,07/03/2020,
630,Dreiländergarten,111,28/10/2023,52
631,Dromlena Lawn juniors,59,03/09/2023,36
632,Drumblade,333,01/09/2018,60
633,Drumchapel,107,01/06/2019,36
634,Drumpellier Country,339,25/12/2022,
635,Drumpellier juniors,89,26/01/2020,73
636,Druridge Bay,502,01/01/2019,136
637,Dubbo,460,27/04/2019,337
638,Dudley,402,11/01/2020,127
639,Duffins Trail,59,09/07/2022,12
640,Duikersdrift,145,03/11/2018,15
641,Dukeries juniors,40,06/10/2019,9
642,Dullstroom,113,30/09/2017,32
643,Duloch juniors,90,01/09/2019,46
644,Duloch juniors,90,15/09/2019,46
645,Dulwich,778,18/01/2020,453
646,Dumfries juniors,143,03/03/2019,72
647,Dundalk,262,01/04/2017,69
648,Dundalk IT juniors,62,19/09/2021,42
649,Dundalk IT juniors,62,23/01/2022,42
650,Dunedin,276,01/02/2020,200
651,Dunfermline,394,01/01/2020,190
652,Dungannon Park,205,17/08/2019,76
653,Dungloe,79,20/04/2019,29
654,Dunleath Playing Fields,179,26/03/2022,
655,Dunstable Downs,268,23/02/2019,39
656,Durban Point,551,12/01/2019,213
657,Durbanville,1457,20/01/2018,329
658,Durham,608,13/05/2017,409
659,Durham City juniors,124,02/10/2016,58
660,Durham NC,119,24/06/2023,76
661,Durlston Country Park,226,29/07/2023,55
662,Dusi,793,10/02/2018,134
663,Duthie juniors,252,29/04/2018,102
664,Działdowo,115,12/08/2023,14
665,Dzierzgoń,88,10/11/2018,20
666,Eagan,98,14/08/2021,35
667,East Brighton,181,19/03/2022,58
668,East Coast Brewery,331,06/11/2021,106
669,East Coast Park,236,23/09/2023,166
670,East End,165,08/04/2023,125
671,East Grinstead,361,09/09/2017,56
672,East Park,192,28/01/2023,102
673,East Richmond,396,04/11/2017,141
674,Eastbourne,490,04/01/2020,
675,Eastbourne juniors,124,06/05/2018,
676,Eastern Gardens,329,25/08/2018,88
677,"Eastern Trail, Biddeford",35,02/09/2023,6
678,Eastleigh,451,30/06/2018,
679,Eastney juniors,124,10/05/2015,111
680,Eastville,941,01/01/2019,509
681,Eastville juniors,84,02/04/2017,31
682,Eaton juniors,244,26/02/2017,116
683,Ebenberg,155,09/09/2023,42
684,Ebotse,1389,20/01/2018,301
685,Ecco Ripley,298,24/07/2021,59
686,Echuca Moama,231,06/05/2017,112
687,Ecos,273,08/06/2019,265
688,Ed Austin Regional,56,24/06/2023,28
689,Ed Austin Regional,56,19/08/2023,28
690,Eden Project,588,05/08/2023,259
691,Edenbrook Country,493,07/05/2022,
692,Edenvale,577,25/08/2018,91
693,Edgbaston Reservoir,371,06/08/2022,170
694,Edgbaston Reservoir juniors,18,15/10/2023,8
695,Edgbaston Reservoir juniors,18,22/10/2023,8
696,Edinburgh,968,25/12/2019,547
697,Edinburgh Oval,322,01/02/2020,80
698,Edithburgh,88,31/12/2022,19
699,Edwin Carolan Community,99,23/10/2021,20
700,Eglinton,259,12/01/2019,111
701,Egweni River Lodge,142,09/10/2021,36
702,Ekebergsletta,190,01/05/2023,20
703,Ekomarina,27,08/07/2023,12
704,Elder Park,198,21/01/2023,102
705,Elder Park juniors,33,19/09/2021,9
706,Eldorado Park,681,15/01/2022,93
707,Elgin,296,21/08/2021,176
708,Ellesmere Port,235,01/01/2020,64
709,Elliott Heads Beach,146,07/05/2022,47
710,Ellon,285,17/08/2019,112
711,Eltham juniors,130,15/09/2019,66
712,Ely Country juniors,136,30/01/2022,32
713,Ełk,64,16/09/2023,22
714,Emerald,304,06/04/2019,101
715,Emmerwiesen,44,17/06/2023,10
716,Endcliffe,884,04/05/2019,697
717,Enfield Town juniors,106,08/03/2020,53
718,Ennerdale Stadium,130,25/03/2023,38
719,Enniskillen,211,02/01/2016,99
720,Epworth Equestrian,212,12/08/2023,35
721,Eramosa River Trail,165,06/05/2023,126
722,Erddig,371,09/06/2018,92
723,Ernest Ullmann,662,19/01/2019,172
724,Erris,182,29/04/2023,36
725,Erskine Waterfront,267,19/11/2022,83
726,ESBA,29,27/05/2023,9
727,Esbjerg,70,12/02/2011,34
728,Etna,61,02/06/2018,27
729,Euroa,151,19/05/2018,53
730,Evergreen,51,12/08/2023,21
731,Evesham,366,09/03/2019,72
732,Evesham juniors,63,05/05/2019,
733,Exeter Riverside,558,11/01/2020,420
734,Exmouth,710,23/12/2017,
735,Exploration Place,364,19/08/2023,73
736,Eyemouth Primary Playing Fields juniors,26,14/08/2022,10
737,Eyemouth Primary Playing Fields juniors,26,28/08/2022,10
738,Eynesbury Heritage Trail juniors,47,31/01/2021,11
739,Fairview,276,15/07/2017,112
740,Falcarragh,221,15/04/2017,85
741,Falkirk,571,07/09/2019,245
742,Falls,218,25/05/2013,49
743,Fareham,484,01/01/2020,146
744,Farfalle,62,25/02/2023,25
745,Faskally Forest,128,07/03/2020,58
746,Father Collins,437,01/01/2019,108
747,Faversham Recreation Ground juniors,94,23/05/2021,28
748,Favorita,78,09/06/2018,17
749,Fælledparken,269,01/01/2020,109
750,Felixstowe,888,01/01/2020,210
751,Felixstowe Prom juniors,53,25/08/2019,23
752,Fell Foot,417,20/04/2019,175
753,Feltham,90,22/10/2022,
754,Fenit Greenway,206,04/11/2023,206
755,Ferry Meadows,762,12/01/2019,469
756,Ferryvale,148,01/01/2020,37
757,Festningen,92,13/08/2022,35
758,Fethard Town,121,28/01/2023,68
759,Ficksburg,94,23/02/2019,26
760,Fife Cycle Park juniors,50,19/06/2022,9
761,Fig Tree,344,04/11/2023,344
762,Figges Marsh juniors,75,20/03/2022,19
763,Fingal Bay,375,08/04/2023,136
764,Finsbury Park,969,11/01/2020,
765,Fish Hoek,482,19/01/2019,185
766,Five Arches,244,28/10/2023,142
767,Flatts Lane,174,16/09/2017,33
768,Flaxmere,144,15/06/2019,108
769,Fleetwood Promenade,222,06/07/2019,132
770,Flegg High,66,16/07/2022,38
771,Fletcher Moss,497,18/01/2020,278
772,Fletcher’s Cove,302,28/10/2023,49
773,Florence Park juniors,108,01/10/2023,98
774,Florence Park juniors,108,29/10/2023,98
775,Fodder Forest,282,16/10/2021,65
776,Folkestone,450,08/04/2023,146
777,Fontainebleau,48,08/12/2018,
778,Foots Cray Meadows,307,13/04/2019,46
779,Ford,143,01/09/2018,95
780,Forest Lake,559,17/03/2018,117
781,Forest of Dean,378,01/01/2020,57
782,Forest of Dean juniors,100,26/05/2019,34
783,Forest Rec,738,25/12/2018,176
784,Forest Rec juniors,57,05/01/2020,28
785,Forfar Loch,268,11/02/2023,
786,Foro Italico,77,01/02/2020,39
787,Forster,313,08/04/2023,118
788,Forster Memorial Park juniors,74,24/09/2023,41
789,Fort V Włochy,153,17/06/2023,34
790,Fort Ward,49,07/01/2023,28
791,Fort William,132,27/07/2019,20
792,Foster,205,27/10/2018,170
793,Fountains Abbey,636,20/04/2019,475
794,Frank Keenan Reserve,123,08/04/2023,70
795,Frankston Nature Conservation Reserve,211,07/01/2023,105
796,Franschhoek,332,12/03/2016,
797,Freckleton Road,20,03/12/2022,
798,Freckleton Road,20,31/12/2022,
799,Frédéric Back,107,17/08/2019,77
800,Friary Park juniors,149,19/05/2019,81
801,Frickley Country,308,05/01/2019,46
802,Friedrichsau,29,26/03/2022,16
803,Frimley Lodge,765,21/09/2019,300
804,Frog Hollow,327,25/12/2019,70
805,Frogmary Green Farm,316,07/05/2022,146
806,Fukakitaryokuchi,80,22/06/2019,49
807,Fulbourn Hospital,208,11/01/2020,75
808,Fuldaaue,61,10/09/2022,36
809,Fulham Palace,810,11/01/2020,
810,Fulham Palace,810,18/01/2020,
811,Furzefield Leisure Centre juniors,55,08/10/2023,38
812,Furzefield Leisure Centre juniors,55,15/10/2023,38
813,Futakotamagawa,343,06/04/2019,101
814,Gadebridge,256,21/09/2019,97
815,Gadebridge Park juniors,30,08/05/2022,13
816,Gadebridge Park juniors,30,22/05/2022,13
817,Gadebridge Park juniors,30,01/10/2023,13
818,Gainsborough Greens,255,01/01/2019,71
819,Galston,250,08/10/2016,188
820,Ganavan Sands,104,23/09/2017,42
821,Ganger Farm,369,19/11/2022,111
822,Gardenhurst Estate juniors,42,25/04/2021,18
823,Gardiners Creek,473,28/10/2023,382
824,Garvagh Forest,110,19/08/2023,21
825,Garvey Park,195,21/11/2020,38
826,Gateshead,401,29/02/2020,
827,Gatton,246,30/03/2019,170
828,Gawler,191,15/02/2020,116
829,Gawler,191,29/02/2020,116
830,Gayndah River Walk,76,06/02/2021,15
831,Gdańsk,293,28/01/2023,92
832,Gdańsk-Południe,321,02/09/2023,87
833,Gdynia,472,05/11/2022,94
834,GEC Rec juniors,121,15/09/2019,60
835,Gedling,569,01/01/2020,186
836,Gedling juniors,100,22/05/2016,52
837,Geeveston,83,21/07/2018,35
838,Geographe Bay,206,08/04/2023,139
839,George,1233,28/12/2019,397
840,George Lane Memorial,36,02/09/2023,13
841,George Town,104,14/10/2017,28
842,Georgengarten,218,28/01/2023,139
843,Gillies Lake,34,08/06/2019,16
844,Gilloolys,2389,03/08/2019,391
845,Ginninderra,374,02/02/2019,323
846,Girvan Prom,71,01/01/2020,34
847,Gisborne,131,23/09/2023,71
848,Gladstone,341,01/02/2020,163
849,Gladstone QLD,184,04/03/2023,114
850,Gladstone QLD,184,22/04/2023,114
851,Glass House Mountains Conservation,93,27/04/2019,30
852,Glen River,255,01/01/2020,59
853,Glengarriff,202,23/01/2016,57
854,Glenoma,203,04/11/2023,203
855,Globe,55,28/09/2019,28
856,Glossop,215,01/01/2020,
857,Gloucester City,551,01/01/2020,120
858,Gloucester District,463,25/01/2020,41
859,Gloucester North,218,02/02/2019,67
860,Głogów,54,30/09/2017,15
861,Gnoll,245,04/01/2020,90
862,Gnoll juniors,80,02/07/2017,
863,Goffert,75,29/05/2023,31
864,Golden Beach,423,02/01/2021,261
865,Golden Harvest,1503,20/01/2018,566
866,Golden Valley Playing Field juniors,104,01/10/2023,65
867,Goldfields Reservoir,137,26/10/2019,33
868,Gongendo 2gou kouen,65,13/05/2023,31
869,Goole,238,25/05/2019,154
870,Goolwa,199,08/04/2023,69
871,Goondiwindi,137,10/06/2017,59
872,Gordon Park juniors,101,09/07/2023,64
873,Gordon Spratt Reserve,122,08/07/2023,61
874,Gorey,197,21/01/2017,64
875,Gorleston Cliffs,585,20/04/2019,260
876,Gorleston juniors,141,22/05/2016,44
877,Gorzów Wielkopolski,127,01/10/2022,95
878,Gostyń,88,10/12/2016,18
879,Goudhurst juniors,45,07/06/2015,16
880,Goulburn,456,10/02/2018,56
881,"Goulburn River Trail, Seymour",92,28/10/2023,72
882,Gracepoint,152,12/02/2022,50
883,Grafton,168,13/02/2016,74
884,Graham Andrews,72,25/05/2019,33
885,Grahamstown,338,03/02/2018,58
886,Grand Ridge Rail Trail,297,27/04/2019,28
887,Grange Paddocks juniors,133,13/01/2019,82
888,Grangemoor,332,29/02/2020,151
889,Graves,446,01/01/2020,205
890,Graves juniors,188,19/11/2017,127
891,Gravesend juniors,68,01/02/2015,22
892,Great Cornard,233,05/01/2019,
893,Great Cornard juniors,141,29/05/2016,
894,Great Denham,547,01/01/2020,219
895,Great Dunmow,261,14/04/2018,
896,Great Lines,564,12/01/2019,200
897,Great Notley,384,25/05/2019,139
898,Great Notley juniors,127,13/01/2019,46
899,Great Salterns,238,22/01/2022,43
900,Great Yarmouth North Beach,160,08/02/2020,64
901,Greenbank,251,05/08/2017,110
902,Greenfield Valley,129,14/03/2020,58
903,Greenock,210,02/03/2019,112
904,Greenpoint,1288,12/01/2019,400
905,Greenstone Hill,442,25/12/2019,102
906,GreenWay,357,21/01/2023,288
907,Greenwich,467,01/01/2020,190
908,Greytown Woodside Trail,106,21/01/2023,46
909,Griffeen,345,27/01/2018,191
910,Griffeen juniors,305,03/04/2022,61
911,Grodzisk Mazowiecki,136,09/07/2022,32
912,Groe,277,20/04/2019,65
913,Groene Ster,33,30/09/2023,15
914,Groeneweide,491,28/12/2019,63
915,Grove Fields,209,14/10/2023,
916,Grovelands,430,01/01/2020,161
917,Grudziądz,422,23/09/2023,111
918,Grüner Weg,40,13/05/2023,4
919,Guernsey,256,31/10/2020,
920,Guildford,670,04/05/2019,
921,Guildford juniors,245,21/05/2017,
922,Gungahlin,599,01/01/2019,267
923,Gunnersbury,766,18/01/2020,412
924,Gunpowder,479,05/11/2022,156
925,Guysborough Nature Trail,21,07/10/2023,7
926,Gyodashi sogokoen,48,12/11/2022,16
927,Hackney Marshes,677,18/01/2020,210
928,Hackworth,242,14/02/2015,64
929,Hadleigh,320,25/12/2019,72
930,Hafan Pwllheli,205,24/08/2019,46
931,Haga,242,15/04/2023,72
932,Hagley,582,18/02/2023,546
933,Haigh Woodland,426,18/01/2020,199
934,Haldon Forest,853,01/01/2020,
935,Halifax,292,05/02/2022,131
936,Halls,621,18/01/2020,200
937,Hamilton,123,10/10/2015,65
938,Hamilton Island,104,01/05/2021,12
939,Hamilton Lake,305,12/09/2015,208
940,Hamilton Park,65,31/12/2022,22
941,Hamilton Park,65,17/06/2023,22
942,Hampstead Heath,580,18/01/2020,279
943,Hampton Oval,61,08/05/2021,13
944,Hamsterley Forest,88,01/01/2022,74
945,Hamsterley Forest,88,05/11/2022,74
946,Hanley,507,01/01/2020,133
947,Hanworth,166,04/05/2019,53
948,Hanworth juniors,91,07/07/2019,16
949,Harayama koen,34,22/04/2023,25
950,Harcourt Hill,518,18/01/2020,78
951,Harcourt Hill juniors,143,06/10/2019,43
952,Harkerville,680,28/12/2019,140
953,Harleston Magpies,119,08/04/2023,57
954,Harlow,416,08/02/2020,169
955,Harlow juniors,119,11/06/2017,
956,Harmony Boulevard,173,05/08/2023,79
957,Harris Avenue,342,31/08/2019,102
958,Harrismith,121,03/09/2016,55
959,Harrogate,625,02/03/2019,304
960,Harrogate juniors,212,20/03/2022,78
961,Harrow,358,18/01/2020,185
962,Harrow Lodge,373,01/01/2020,100
963,Harrow Lodge juniors,109,24/02/2019,63
964,Hart & Bosch Village,556,31/12/2022,236
965,Hartlepool,288,26/04/2014,161
966,Hartstown,167,01/01/2019,64
967,Harwich,235,01/01/2020,85
968,Hasenheide,733,28/09/2019,143
969,Hastings,492,08/04/2023,
970,Hastings Foreshore,246,01/01/2020,112
971,Hastings High School,232,14/05/2022,91
972,Havant,366,11/03/2017,163
973,Havelkanal,187,03/10/2023,14
974,Haverfordwest,197,01/01/2020,50
975,Haverhill,137,01/01/2019,27
976,Hawkwell juniors,164,12/05/2019,47
977,Hay Lodge,179,21/05/2022,81
978,Haywards Heath juniors,245,30/09/2018,67
979,Hazeldean Farm,575,01/01/2020,312
980,Hazelmere Dam,106,02/09/2023,40
981,Hazelwood,315,19/02/2022,63
982,Hazlehead,431,01/01/2020,168
983,Hazyview,165,11/08/2018,84
984,Hazyview,165,08/07/2023,84
985,Heartlands,313,01/01/2019,
986,Heaton Park,1112,18/01/2020,688
987,Heavitree juniors,127,11/09/2016,109
988,Heidedal,222,20/05/2017,57
989,Heijo kyuseki Rekishi koen,43,15/10/2022,29
990,Helix juniors,145,29/10/2017,72
991,Hellbrunn,75,30/09/2023,22
992,Hemlington Lake juniors,139,21/05/2017,28
993,Henderson Lake,98,30/03/2019,44
994,"Henley Wood, Oswestry",202,27/10/2018,55
995,Henley-on-Thames,175,01/07/2017,42
996,Henlow Bridge Lakes,181,09/10/2021,78
997,Henry Kendall Reserve,140,05/02/2022,58
998,Hereford,330,20/04/2019,111
999,Hereford Leisure Centre juniors,75,26/06/2022,40
1000,Heritage Harbor,65,08/10/2022,18
1001,Heritage Park juniors,107,09/09/2018,40
1002,Hermanus,789,28/12/2019,
1003,Herne Bay Memorial Park juniors,45,27/02/2022,24
1004,Herrington Country,769,01/01/2020,206
1005,Hertford juniors,137,16/04/2023,91
1006,Hervey Bay,615,23/02/2019,283
1007,Heslington,757,01/01/2020,301
1008,"Higginson, Marlow",283,18/08/2018,
1009,Highbury Fields,579,18/01/2020,375
1010,Highbury Fields juniors,132,12/01/2020,68
1011,Highfields,255,01/01/2020,57
1012,Highlands,281,02/02/2019,73
1013,Highwoods,372,03/06/2023,57
1014,Hikarigaoka koen,125,04/03/2023,67
1015,Hillsborough,750,01/01/2020,465
1016,Hillsborough Forest,197,12/08/2023,147
1017,Hillsborough juniors,195,09/07/2023,90
1018,Hillside,548,11/01/2020,150
1019,Hilltop,35,24/08/2019,17
1020,Hilly Fields,453,11/01/2020,195
1021,Hilly Fields juniors,273,23/06/2019,87
1022,Hilton,953,29/09/2018,106
1023,Himmel,66,16/11/2019,61
1024,Hirono kaigankoen,126,10/09/2022,53
1025,Hluhluwe,105,28/09/2019,29
1026,Hoblingwell,240,07/04/2018,50
1027,Hoblingwell juniors,71,23/06/2019,37
1028,Hobsonville Point,311,01/01/2020,269
1029,Hockgraben,125,01/07/2023,26
1030,Hockley Woods,493,01/01/2019,67
1031,Hoedspruit,230,03/03/2018,63
1032,Hoërskool Ben Viljoen,68,13/05/2023,28
1033,Hogmoor Inclosure,432,01/01/2020,197
1034,Hogmoor Inclosure juniors,130,02/02/2020,84
1035,Hogsback,128,02/04/2016,11
1036,Holbrooks,169,26/08/2023,98
1037,Holkham,675,01/01/2020,132
1038,Holy Cross College,190,15/06/2019,59
1039,Holyrood,629,19/08/2023,463
1040,Homestead,277,16/10/2021,71
1041,Homestead Lake,849,01/01/2020,239
1042,Homewood,235,18/01/2020,108
1043,Hondajima,103,23/09/2023,16
1044,Hopkins Land,73,05/08/2023,26
1045,Horinouchi koen,99,28/09/2019,
1046,Horseshoe Bay Reserve,158,10/06/2023,35
1047,Horsforth Hall juniors,158,10/07/2022,53
1048,Horsham,655,16/06/2018,221
1049,Horsham juniors,213,14/07/2019,93
1050,Horspath,267,08/01/2022,
1051,Horton Park,202,01/01/2020,47
1052,Houghton Hall,433,01/01/2020,159
1053,Houghton Hall juniors,62,28/01/2018,37
1054,Hout Bay,600,14/10/2017,48
1055,Hove Park juniors,179,14/07/2019,145
1056,Hove Park juniors,179,17/09/2023,145
1057,Hove Promenade,833,01/01/2020,
1058,Howard Temin Lakeshore Path,49,21/10/2023,35
1059,Hucknall juniors,92,24/03/2019,28
1060,Huddersfield,1008,01/01/2020,646
1061,Huddersfield juniors,208,18/06/2017,67
1062,Huddinge,99,06/06/2023,9
1063,Huddle,489,03/06/2023,177
1064,Hull,857,19/01/2019,498
1065,Humber Bridge,580,01/01/2019,66
1066,Hunstanton Promenade,294,01/01/2020,86
1067,Huntingdon,565,02/07/2016,187
1068,Huskisson,478,13/01/2018,
1069,Hutton Recreation Ground juniors,90,07/05/2023,32
1070,Hyde,350,06/01/2018,185
1071,Hyde juniors,77,12/05/2019,68
1072,Hyndburn,314,21/10/2017,193
1073,Ifield Mill Pond,228,15/04/2023,99
1074,Illaunmanagh,148,26/03/2022,71
1075,Inch Beach,197,19/05/2018,49
1076,Inibos,230,28/01/2023,157
1077,Inis Meáin,261,29/07/2023,3
1078,Invercargill,218,01/02/2020,135
1079,Inverell,163,09/02/2019,77
1080,Inverleith juniors,174,04/06/2017,42
1081,Inverloch,302,28/12/2019,160
1082,Ipswich,590,18/01/2020,150
1083,Ipswich juniors,168,17/04/2016,
1084,Ipswich QLD,320,15/02/2020,148
1085,Irchester Country,472,01/01/2020,277
1086,Isabel Trail,347,09/03/2019,
1087,Isabel Trail,347,25/05/2019,
1088,ITC Community Sports,57,22/07/2023,13
1089,Itchen Valley Country,322,28/08/2021,99
1090,Jabłonna,125,29/07/2023,56
1091,Jacks Road juniors,69,04/03/2018,12
1092,Jacobsdal,186,25/11/2017,4
1093,Jakes Point,41,07/10/2023,24
1094,Jamaica Pond,363,16/04/2022,136
1095,Jamestown Golf Course,102,05/02/2022,15
1096,Jarrahdale Heritage,106,25/03/2023,27
1097,Jeffreys Bay,619,28/12/2019,128
1098,Jelenia Góra,62,15/07/2017,14
1099,Jells,353,27/06/2015,243
1100,Jerrabomberra Mountain Reserve,240,01/01/2023,64
1101,Jersey,558,03/08/2019,
1102,Jersey Farm,344,09/09/2023,167
1103,Jesmond Dene,440,09/09/2023,201
1104,Jezioro Górne,46,27/10/2018,31
1105,Jezioro Swarzędzkie,135,06/05/2023,67
1106,Jezioro Zatorze,81,16/07/2022,23
1107,JFC Naples,29,07/10/2023,8
1108,Jindabyne,140,03/04/2021,
1109,Jock Trail,117,01/10/2022,37
1110,Joe Creason,137,05/08/2023,32
1111,Jordanstown juniors,100,12/11/2017,57
1112,Jubilee,289,19/10/2019,57
1113,Jubilee juniors,145,11/06/2017,39
1114,Jubilee Way,335,14/03/2020,185
1115,Jurien Bay Foreshore,77,12/11/2022,21
1116,Kadina Trail,247,26/10/2019,70
1117,Kagerzoom,177,29/05/2023,53
1118,Kalgoorlie-Boulder,237,22/02/2014,89
1119,Kalisz,265,28/10/2023,93
1120,Kamay,150,25/11/2017,85
1121,Kameeldoring,225,18/01/2020,21
1122,Kanata,60,28/07/2018,38
1123,Kanata,60,16/09/2023,38
1124,Kangaroo Island,158,22/02/2020,19
1125,Kapiti Coast,205,24/01/2015,82
1126,Karkarook,384,22/04/2023,372
1127,Karoola Park,109,02/04/2022,20
1128,Karpendonkse Plas,160,29/02/2020,54
1129,Kashiwanoha,116,08/06/2019,45
1130,Kastanienallee,82,28/10/2023,35
1131,Kate Reed,74,27/02/2021,44
1132,Kathu,185,17/03/2018,30
1133,Katowice,278,01/06/2019,104
1134,Kawana,298,25/01/2014,203
1135,Kedron,438,04/03/2023,369
1136,Kędzierzyn-Koźle,179,18/02/2017,35
1137,Kei Mouth,246,20/04/2019,28
1138,Kelvin Grove,420,25/12/2020,182
1139,Kemnader See,55,22/07/2023,27
1140,Kennington Park juniors,54,07/05/2023,29
1141,Kennington Park juniors,54,21/05/2023,29
1142,Kennington Reservoir,275,15/02/2020,167
1143,Kennington Reservoir,275,22/02/2020,167
1144,Kensington,137,28/11/2019,63
1145,Kenton Rec juniors,46,16/06/2019,17
1146,Keppel,19,02/04/2022,
1147,Kerang Regional,170,18/01/2020,30
1148,Kesgrave,456,27/05/2017,169
1149,Kesgrave juniors,197,05/03/2017,50
1150,Keswick,500,01/01/2019,247
1151,Keswick juniors,85,01/08/2021,46
1152,Kettering,645,01/01/2020,
1153,Kew Woods,184,07/05/2022,95
1154,Kidds Beach,495,23/12/2017,79
1155,Kiessee,62,14/10/2023,44
1156,Kilkenny,288,21/01/2017,186
1157,Killarney House,254,01/02/2020,146
1158,Killarney House juniors,95,15/10/2023,85
1159,Killerton,510,20/04/2019,251
1160,Kilmore Racecourse Walking Track,114,10/06/2023,61
1161,Kimberley,467,28/01/2017,95
1162,King George juniors,70,05/05/2019,31
1163,King George Playing Fields juniors,29,13/03/2022,14
1164,King George V juniors,85,05/01/2020,64
1165,King George V juniors,85,26/01/2020,64
1166,King George V Playing Field,376,01/01/2020,44
1167,King George V Playing Field juniors,56,14/05/2023,37
1168,King’s Lynn,448,11/01/2020,226
1169,King’s Lynn juniors,107,19/05/2019,24
1170,Kingdom,241,11/01/2020,105
1171,Kings Weston juniors,176,19/05/2019,152
1172,Kingsbury Water,824,01/01/2020,153
1173,Kingscliff,352,01/01/2020,145
1174,Kingsgrove Woodland juniors,92,09/07/2023,
1175,Kingston,511,18/01/2020,214
1176,Kingston Park,300,15/04/2023,223
1177,"Kingston Park, Cottage Grove",46,30/09/2023,22
1178,Kingsway,427,13/05/2017,99
1179,Kirkcaldy,488,01/01/2020,200
1180,Kirkdale Reserve,165,27/05/2023,110
1181,Kirkwall,112,20/04/2019,
1182,Kirra,444,01/01/2020,199
1183,Kiwanis,49,07/03/2020,17
1184,Kleinplaas,220,26/03/2022,26
1185,Klipspringer Lodge,70,27/04/2023,24
1186,KM Reedy Reserve,348,12/01/2019,23
1187,Knavesmire juniors,157,03/07/2016,98
1188,Knockanacree Woods,129,23/03/2019,26
1189,Knockbracken Reservoir,213,12/08/2023,185
1190,Knocknacarra,212,23/01/2016,84
1191,Knowsley,216,01/01/2020,87
1192,Knysna,535,30/12/2017,157
1193,Kołobrzeg,72,06/08/2022,36
1194,Komani,386,17/02/2018,29
1195,Koonwarra,255,04/11/2017,106
1196,Kościan,108,08/09/2018,16
1197,Koster,101,18/08/2018,11
1198,Koszalin,54,24/11/2018,20
1199,Kräherwald,207,03/10/2023,38
1200,Kraków,375,16/02/2019,188
1201,Kralinbergh,241,24/11/2018,40
1202,Kralingse Bos,228,29/02/2020,82
1203,Kroonstad,334,21/10/2017,78
1204,Küchenholz,94,12/10/2019,38
1205,Kununurra,80,24/06/2023,41
1206,Kurt-Schumacher-Promenade,82,22/07/2023,38
1207,Kutno,68,02/09/2023,28
1208,Kwanele,103,29/01/2022,21
1209,la Ramée,38,04/08/2018,
1210,la Ramée,38,04/06/2022,
1211,Lac de Divonne,149,13/04/2019,
1212,Lackawanna Rail Trail,8,26/08/2023,2
1213,Ladysmith,530,04/02/2017,97
1214,Lahden satama,61,10/09/2022,13
1215,Lahnwiesen,79,07/03/2020,11
1216,Lake Boga Foreshore,124,16/01/2021,42
1217,Lake Claremont,161,26/08/2023,114
1218,Lake Joondalup,379,25/01/2020,264
1219,Lake Mac,600,14/02/2015,402
1220,Lake Meadows juniors,216,09/07/2023,
1221,Lake Wallace,107,10/12/2022,42
1222,Lake2Lake Trail,115,27/08/2022,34
1223,Lakes Entrance,254,03/02/2018,37
1224,Lakeview,310,01/01/2021,134
1225,Laleham juniors,101,15/09/2019,31
1226,Laleham juniors,101,17/09/2023,31
1227,Lalor,198,16/04/2016,36
1228,Lanark Moor,126,10/08/2019,71
1229,Lancaster,411,23/02/2019,201
1230,Lancefield,88,12/05/2018,12
1231,Lancing Beach Green,310,09/09/2023,
1232,Land’s End,222,04/01/2020,53
1233,Landesgartenschau Park,40,23/09/2023,27
1234,Langebaan,540,28/12/2019,213
1235,Lanhydrock,442,24/12/2016,145
1236,Lanseria,373,24/06/2017,25
1237,Largs Bay,299,28/10/2023,234
1238,Largs Prom,113,28/05/2022,45
1239,Larne,182,19/07/2014,62
1240,Larne juniors,86,24/01/2016,30
1241,Las Aniołowski,230,28/01/2023,67
1242,Las Dębiński,149,26/08/2023,111
1243,Las Klasztorny,35,24/06/2023,16
1244,Las Łagiewnicki,145,29/01/2022,41
1245,Lasek Marceliński,130,01/07/2023,53
1246,Latchmere Rec juniors,137,14/05/2023,102
1247,Laudium,233,08/10/2016,104
1248,Launceston,436,30/09/2023,359
1249,Lavender Mill,185,19/08/2023,131
1250,Lawson,176,07/03/2015,113
1251,Lea Bridges juniors,40,25/04/2021,8
1252,Leakin Park,66,22/02/2020,45
1253,Leamington,905,01/01/2020,264
1254,Leatherhead juniors,108,20/10/2019,35
1255,Leavesden Country,312,22/10/2022,69
1256,Leavesden juniors,146,13/01/2019,44
1257,Leazes,354,11/03/2023,226
1258,Lee-on-the-Solent,987,01/01/2020,290
1259,Lees Road,290,23/01/2016,88
1260,Leeton Sport and Recreation Precinct,69,29/05/2021,37
1261,Leeton Sport and Recreation Precinct,69,19/06/2021,37
1262,Leeupoort,136,24/03/2018,52
1263,Leicester Victoria,637,01/01/2020,380
1264,Leigh juniors,74,11/04/2021,31
1265,Leighton Buzzard juniors,93,01/09/2019,32
1266,Leinpfad,73,09/09/2023,33
1267,Les Dougnes,49,17/08/2019,
1268,Lesnes Abbey Woods juniors,66,23/06/2019,30
1269,Leszno,145,08/10/2022,54
1270,Letchworth,388,27/01/2018,54
1271,Letterkenny,268,05/10/2019,109
1272,Levengrove,278,18/01/2020,85
1273,Levengrove juniors,62,16/07/2023,39
1274,Lewis Park Reserve,234,25/12/2022,139
1275,Lews Castle,130,11/01/2020,25
1276,Leyton Jubilee juniors,81,20/01/2019,65
1277,Lichtenburg Raceway,129,09/11/2019,18
1278,Lieberwalt Farm,23,21/10/2023,14
1279,Lillie,125,04/11/2023,125
1280,Lillsjön,33,18/06/2022,9
1281,Lillydale Lake,359,29/02/2020,216
1282,Limavady,180,25/02/2017,37
1283,Limepark Playing Fields,123,06/08/2022,53
1284,Limerick,321,14/01/2017,134
1285,Lincoln,604,30/03/2019,351
1286,Linford Wood,640,01/01/2019,227
1287,Lingwood,219,01/01/2020,59
1288,Linwood,386,01/01/2020,127
1289,Lismore,220,11/03/2017,79
1290,"Lister Park, Bradford",619,20/04/2019,354
1291,Listowel,216,22/04/2017,48
1292,Lithgow,133,21/01/2017,45
1293,Little Stoke juniors,150,07/06/2015,56
1294,Little Sugar Creek Greenway,58,15/07/2023,22
1295,Little Sugar Creek Greenway,58,19/08/2023,22
1296,Littlehampton Prom,350,29/07/2023,
1297,Littleport,308,22/06/2019,86
1298,Living Colour,96,27/08/2022,29
1299,Livingston,509,12/01/2019,241
1300,Livonia,192,04/06/2022,69
1301,Llanerchaeron,214,20/04/2019,76
1302,Llanishen Park,298,18/06/2022,80
1303,Lloyd,377,18/05/2019,117
1304,Lloyd juniors,163,01/10/2023,105
1305,Llyn Llech Owain,176,25/12/2018,71
1306,Loch Leven,383,01/01/2019,66
1307,Loch Leven juniors,97,14/01/2018,18
1308,Loch Neaton,202,01/01/2020,40
1309,Lochend Woods,192,23/03/2019,72
1310,Lochiel,442,08/02/2020,303
1311,Lochore Meadows,344,19/05/2018,111
1312,Logan River,381,01/01/2018,193
1313,London Fields juniors,44,17/09/2023,33
1314,Lonehill,1289,20/01/2018,265
1315,Long Eaton,703,01/01/2019,
1316,Long Eaton juniors,173,05/05/2019,
1317,Longford,321,04/03/2017,41
1318,Longford juniors,255,01/10/2017,37
1319,Longrun Meadow,529,03/08/2019,
1320,Longrun Meadow juniors,192,11/06/2017,
1321,Longton juniors,90,16/07/2023,52
1322,Lordship Rec Ground juniors,54,16/07/2023,35
1323,Lordship Recreation Ground,290,05/11/2022,174
1324,Lota,444,01/01/2020,50
1325,Lough Key,335,21/01/2017,149
1326,Lough Key,335,28/01/2017,149
1327,Lough Key juniors,148,08/10/2023,94
1328,Lough Moss juniors,158,23/09/2018,65
1329,Louis Hamon Park,171,30/01/2021,35
1330,Louis Trichardt,142,09/02/2019,51
1331,Lower Drummans,63,30/11/2019,
1332,Lower Hutt,327,11/01/2020,182
1333,Lowestoft,566,20/04/2019,235
1334,"Løvstien, Bergen",52,01/05/2023,28
1335,"Løvstien, Bergen",52,05/08/2023,28
1336,Lubin,154,13/05/2017,20
1337,Ludlow,191,23/12/2017,74
1338,Luitpold,75,04/03/2023,37
1339,Lullingstone,254,12/01/2019,43
1340,Lurgan juniors,89,07/11/2021,49
1341,Lusk Sports Hub juniors,48,28/08/2022,25
1342,Luton Wardown,442,01/02/2020,177
1343,Lutterworth Country Park juniors,50,22/05/2022,15
1344,Lydiard,649,12/01/2019,260
1345,Lydiard juniors,177,17/05/2015,53
1346,Lydney,408,01/01/2020,53
1347,Lyme Park,385,01/01/2019,119
1348,Lymington Woodside,308,28/08/2021,
1349,Lynnfield,190,12/08/2023,
1350,Lytham Hall,548,01/01/2020,222
1351,Łódź,406,18/03/2023,116
1352,Maaraue,157,03/10/2023,61
1353,Maborikaigan yuhodo,72,28/11/2020,32
1354,Macclesfield,399,13/07/2019,207
1355,Mackay,374,11/01/2020,280
1356,Macroom Castle Demesne,137,08/07/2017,48
1357,MacRosty juniors,66,08/09/2019,24
1358,Maesteg,174,22/07/2017,41
1359,Magherafelt juniors,131,15/04/2018,50
1360,Magherafelt juniors,131,13/05/2018,50
1361,Maidenhead,965,05/11/2022,269
1362,Maidstone,553,01/01/2019,
1363,Main Beach,665,07/04/2018,232
1364,Maitland,510,29/02/2020,298
1365,Malahide,582,19/04/2014,232
1366,Malahide Castle juniors,325,30/06/2019,68
1367,Maldon Prom,438,18/01/2020,
1368,Maldon Prom juniors,128,22/05/2022,
1369,Maleny Trail,131,02/01/2021,55
1370,Mallards Pike,190,29/02/2020,75
1371,Malling,505,11/01/2020,215
1372,Mallow Castle,126,13/11/2021,47
1373,Mallow Castle juniors,99,25/06/2023,38
1374,Malmesbury,446,01/07/2017,102
1375,Malmö Ribersborg,287,06/06/2022,81
1376,Malvern Park juniors,133,25/06/2023,84
1377,Mały Jeziorak,171,26/11/2022,49
1378,Manjimup,63,25/05/2019,24
1379,"Manor Field, Whittlesey",283,28/10/2023,67
1380,Manor Park juniors,112,21/05/2017,38
1381,Mansfield,170,15/08/2015,86
1382,Mansfield Botanic,251,05/01/2019,61
1383,Mansfield OH,87,21/01/2017,21
1384,Mansfield QLD,594,05/10/2019,199
1385,Manzini,66,03/06/2023,15
1386,Mapetla,133,17/11/2018,19
1387,March,242,23/01/2016,92
1388,Marecchia,39,09/11/2019,20
1389,Margaret River,218,08/04/2023,110
1390,Margate,241,02/09/2023,83
1391,Margate juniors,65,27/10/2019,
1392,Maria Creek Reserve,100,08/04/2023,35
1393,Maribyrnong,443,29/02/2020,350
1394,Marina,103,07/09/2019,43
1395,Marine Parade,390,15/01/2022,175
1396,Markeaton,831,01/01/2020,349
1397,Markeaton juniors,124,04/08/2019,67
1398,Market Bosworth Country Park,398,24/12/2022,101
1399,Market Harborough,495,11/01/2020,222
1400,Market Harborough juniors,148,07/04/2019,69
1401,Market Rasen Racecourse,267,03/08/2019,180
1402,Markshall Estate,290,22/04/2023,192
1403,Marlay,795,21/01/2017,361
1404,Marlay juniors,262,14/01/2018,105
1405,Marlborough Common,202,20/04/2019,56
1406,Maroondah Dam,147,27/05/2023,43
1407,Marple,455,01/01/2019,138
1408,Marple juniors,124,07/05/2017,33
1409,Marriott Waters,225,09/12/2017,75
1410,Marshall Drive,119,23/02/2019,16
1411,Mary S. Young,58,21/10/2023,16
1412,Maryborough,209,01/01/2020,152
1413,Maryport Prom,128,29/10/2022,55
1414,Matlosana Bird,374,11/01/2020,
1415,Mattheiser Weiher,41,26/08/2023,26
1416,Mattilanniemi,50,27/05/2023,21
1417,Mawson Lakes,408,09/09/2023,262
1418,Máxima,206,29/02/2020,71
1419,Maylands Peninsula,160,19/03/2016,56
1420,Mbabane,186,09/02/2019,80
1421,McLean Beach,77,07/08/2021,31
1422,Meadowbrook,396,01/01/2018,105
1423,Meadowmill,173,09/02/2019,79
1424,Meadowvale,106,07/10/2023,69
1425,Medina I.O.W juniors,92,11/03/2018,14
1426,Medina I.O.W.,487,16/03/2019,161
1427,Medway juniors,124,21/05/2017,57
1428,Meijo koen,91,04/01/2020,41
1429,Melkbosstrand,937,28/07/2018,200
1430,Melksham,300,16/03/2019,84
1431,Mellowes Park juniors,73,23/01/2022,26
1432,Melton Mowbray,274,31/08/2019,135
1433,Memorial Park,77,22/10/2022,30
1434,Menai,257,23/03/2019,125
1435,Mendel Riverbank,117,06/05/2023,60
1436,Meningie,42,28/12/2019,11
1437,Mensola,67,16/09/2023,25
1438,Mernda,183,17/06/2017,84
1439,Merrymeeting,29,24/06/2023,18
1440,Merrymeeting,29,29/07/2023,18
1441,Merrymeeting,29,23/09/2023,18
1442,Mersea Island,203,09/06/2018,44
1443,Merthyr,155,22/04/2017,29
1444,Meyers Farm,829,09/02/2019,100
1445,Meyerton,859,18/11/2017,62
1446,Middleton Woods,282,01/01/2020,104
1447,Midstream,1367,13/01/2018,517
1448,Milano Nord,230,07/09/2019,169
1449,Mildenhall Hub,166,25/06/2022,54
1450,Mildenhall Hub juniors,59,29/10/2023,47
1451,Mildura Weir,269,02/03/2019,152
1452,Mile End,562,11/01/2020,312
1453,Mile End juniors,93,17/03/2019,35
1454,Miles,72,26/10/2019,22
1455,Milford Waterfront,234,01/01/2020,47
1456,Millbank Boating Pond juniors,53,21/08/2022,20
1457,Millennium,44,26/08/2023,
1458,Millennium Country,370,01/01/2020,113
1459,Millennium Green juniors,89,02/05/2021,44
1460,Millfield,220,24/12/2022,160
1461,Millfield juniors,54,01/10/2023,29
1462,Millhouses,511,19/10/2019,384
1463,Millom,162,26/02/2022,41
1464,Millwater,281,25/03/2023,249
1465,Milnrow Memorial Park juniors,67,30/06/2019,24
1466,Milton Country,647,27/01/2018,169
1467,Milton Keynes,1240,18/01/2020,452
1468,Milton Keynes juniors,230,21/06/2015,115
1469,Minehead,186,08/04/2023,105
1470,Minnippi,519,01/01/2019,389
1471,Mitchells Plain,557,21/01/2017,85
1472,Mitchelton,590,01/02/2020,371
1473,Miyagawa koen,27,24/06/2023,17
1474,Młynówka Królewska,183,30/09/2023,59
1475,Moana,248,01/01/2020,60
1476,Mobilong,34,17/08/2019,3
1477,Modimolle,254,19/01/2019,90
1478,Mofolo,348,28/07/2018,36
1479,Mogol,280,20/01/2018,144
1480,Moira juniors,159,18/10/2015,48
1481,Mole Valley,418,11/01/2020,148
1482,Momoi harappa koen,67,04/03/2023,
1483,Monaghan Town,153,12/10/2019,81
1484,Monrepos,112,03/10/2022,25
1485,Monsal Trail,457,20/04/2019,175
1486,Montrose,219,08/06/2019,116
1487,Montrose Foreshore,236,28/09/2019,177
1488,Montsouris,126,07/04/2018,
1489,Moora,58,11/02/2017,7
1490,Moormead juniors,157,12/05/2019,107
1491,Moors Valley,828,04/01/2020,389
1492,Moors Valley juniors,178,12/01/2020,98
1493,Morecambe Prom,506,01/01/2020,424
1494,Moree,57,07/04/2018,25
1495,Moreletapark Gemeente,336,29/04/2023,
1496,Mosman,118,04/01/2020,73
1497,Mote Park,351,05/11/2022,182
1498,Mount Ainslie,453,28/04/2018,185
1499,Mount Barker,374,23/03/2019,215
1500,Mount Beauty,71,06/01/2018,14
1501,Mount Edgcumbe,131,30/01/2016,36
1502,Mount Gambier,176,31/12/2022,133
1503,Mount Helena,234,23/06/2018,58
1504,Mount Isa,133,21/04/2018,62
1505,Mount Pleasant,55,16/01/2021,47
1506,Mount Stuart,220,25/02/2023,44
1507,Mountain Drive,375,02/02/2019,47
1508,Mountbellew Forest,146,05/11/2022,44
1509,Mountlucas,133,22/06/2019,43
1510,Moussette,61,28/10/2023,43
1511,Mowbray Park juniors,37,08/10/2023,28
1512,Mt Clarence,204,31/12/2022,120
1513,Mt Penang,215,06/01/2018,118
1514,Mthatha,153,13/07/2019,17
1515,Mtunzini,267,03/09/2022,52
1516,Mudgee,237,11/03/2017,91
1517,Mudgeeraba,314,28/10/2023,174
1518,Mudjimba Beach,361,07/01/2023,312
1519,Mullingar,190,08/02/2020,80
1520,Mullum Mullum,505,01/01/2020,195
1521,Muncaster Castle,131,16/09/2023,120
1522,Mundy,91,05/08/2023,51
1523,Mundy Regional,172,23/07/2022,35
1524,Mungret,208,08/09/2018,107
1525,Mura di Lucca,393,16/10/2021,
1526,MUSA Cookstown,310,07/12/2019,126
1527,Musgrave juniors,73,30/09/2018,16
1528,Myponga Reservoir,99,09/04/2022,7
1529,Myrtle,338,10/11/2018,117
1530,Naas,281,12/01/2019,125
1531,Nagaragawa koen,169,24/06/2023,48
1532,Nambour,261,01/01/2020,86
1533,Nansenparken,95,05/08/2023,36
1534,Nant y Pandy,262,01/01/2020,67
1535,Nantu Wama,262,25/03/2023,99
1536,Naracoorte Lake,99,06/04/2019,45
1537,Narin Beach,163,13/07/2019,18
1538,Narooma Wetlands,73,16/09/2023,40
1539,Narrabri,100,03/06/2017,62
1540,Narromine Wetlands,275,02/03/2019,27
1541,Nathalia Showgrounds,38,04/12/2021,21
1542,Nathalia Showgrounds,38,16/04/2022,21
1543,Nathan Road Sports Ground,161,09/10/2021,75
1544,Navan,261,14/01/2017,82
1545,Neckarau,112,04/01/2020,74
1546,"Neckarufer, Esslingen",104,03/10/2019,33
1547,Nepean River,355,09/11/2019,219
1548,Netley Abbey,511,01/01/2020,138
1549,Netley Abbey juniors,146,21/05/2017,
1550,New Earswick,228,23/07/2022,
1551,New Farm,598,14/09/2019,423
1552,New Milton juniors,79,18/04/2021,30
1553,New Ross,284,23/01/2016,52
1554,New York Central Fitness Trail,25,21/05/2022,12
1555,Newark,543,01/01/2020,143
1556,Newark juniors,344,17/02/2019,51
1557,Newbiggin-by-the-Sea,576,01/01/2020,172
1558,Newborough,213,25/02/2017,68
1559,Newborough Forest,341,01/01/2019,113
1560,Newbridge House juniors,127,23/04/2023,49
1561,Newbury,721,11/01/2020,295
1562,Newcastle Park,154,25/02/2023,41
1563,Newcastle West,83,25/01/2020,38
1564,Newent,138,01/06/2019,45
1565,Newport,711,23/01/2016,104
1566,Newport juniors,207,02/07/2017,85
1567,Newport Lakes,278,26/08/2017,89
1568,Newtown,246,08/07/2023,107
1569,Newy,801,07/06/2014,580
1570,Nhill,89,10/02/2018,28
1571,Nibe,36,01/06/2013,8
1572,Nidda,203,24/11/2018,90
1573,Nightcliff,324,28/01/2023,289
1574,Nkomazi,70,19/03/2016,13
1575,Nobles,259,23/09/2023,133
1576,Noel Booth Community,36,12/02/2022,18
1577,Nolen’s Park,68,11/02/2023,44
1578,Nonsuch,949,04/05/2019,316
1579,Nonsuch juniors,289,12/05/2019,166
1580,Noordwyk,213,26/03/2022,53
1581,Noosa,277,08/04/2023,238
1582,"Nordre Fælled, Randers",87,21/01/2023,22
1583,Norm-Hudlin Trails,410,22/01/2022,92
1584,Normanby Hall,741,01/01/2020,168
1585,North Bay,59,30/07/2022,33
1586,North Bay,59,29/07/2023,33
1587,North Beach,2527,20/01/2018,637
1588,North Harbour,222,25/11/2017,19
1589,North Lakes,398,12/01/2019,272
1590,North Marine juniors,110,15/01/2023,56
1591,North Shore,209,02/03/2019,50
1592,North Sydney,472,16/09/2023,288
1593,North Walsham,174,08/07/2023,57
1594,North Wollongong,646,09/09/2017,91
1595,North Yorkshire Water Park,282,08/04/2023,181
1596,Northala Fields,594,25/12/2019,151
1597,Northala Fields juniors,61,15/09/2019,41
1598,Northallerton,182,04/02/2023,138
1599,Northallerton juniors,115,24/06/2018,
1600,Northampton,727,29/02/2020,278
1601,Northampton Racecourse juniors,111,16/05/2021,
1602,Northlands juniors,38,03/09/2023,20
1603,Northlands juniors,38,17/09/2023,20
1604,Northparkes Oval,73,13/03/2021,33
1605,Northside Beltline,59,29/02/2020,27
1606,Northwich,474,01/01/2020,160
1607,Norton Common juniors,64,02/07/2023,40
1608,Norwich,1360,25/12/2019,480
1609,Nose Hill,131,02/09/2023,85
1610,Nostell,705,01/01/2018,185
1611,Nottingham Road,280,09/12/2017,21
1612,Nova Prestatyn,219,27/05/2023,136
1613,Nulkaba,491,05/05/2018,72
1614,Nuriootpa,94,28/01/2023,64
1615,Nursery Drive juniors,123,26/03/2023,45
1616,O’Connors Beach,117,06/05/2023,68
1617,Oak Hill,546,01/01/2020,202
1618,Oakey,223,30/09/2017,60
1619,Oaklands,262,25/01/2020,77
1620,Oaklands Estate Reserve,274,28/01/2023,184
1621,Oakwell Hall,451,12/01/2019,135
1622,Obersee,38,02/09/2023,19
1623,Oberwald,189,10/06/2023,92
1624,Ocean Grove,247,28/04/2018,104
1625,Ocean View,200,12/05/2018,27
1626,Ockwells juniors,134,23/06/2019,56
1627,Odakaryokuchi,201,07/12/2019,
1628,Offenthal,44,13/11/2021,30
1629,Ogród Saski,119,31/12/2022,57
1630,Ohio and Erie Canal Reservation,75,30/09/2023,59
1631,Oiso undokoen,33,21/10/2023,22
1632,Okanagan,152,07/07/2018,77
1633,Old Deer Park,553,06/04/2013,97
1634,"Old Railway Trail, Llangollen",249,17/06/2023,62
1635,Old Thomson River Road,105,06/02/2021,38
1636,Oldbridge,180,26/07/2014,69
1637,Oldham,513,01/01/2020,223
1638,Olsztyn,123,29/10/2022,97
1639,Omagh,279,08/10/2016,138
1640,Ome kyuryo,18,25/06/2022,6
1641,Onderstepoort Campus,514,12/08/2023,176
1642,Onley,18,01/07/2023,10
1643,Onley,18,14/10/2023,10
1644,Oosterhout,73,10/06/2023,20
1645,Oosterplas,91,28/10/2023,34
1646,Opole,110,05/05/2018,46
1647,Orange,394,07/03/2020,151
1648,Orangefield,433,01/01/2020,65
1649,Oranmore,310,14/01/2017,76
1650,Oranmore juniors,151,20/08/2017,54
1651,Örebro,199,13/04/2019,24
1652,Oriam,306,02/11/2019,183
1653,Orleans,75,01/07/2023,74
1654,Ormeau,640,01/01/2020,490
1655,Ormeau juniors,218,22/05/2016,58
1656,Ormskirk,465,01/01/2019,
1657,Orpington,396,30/10/2021,101
1658,Osborn MetroPark,58,15/07/2023,14
1659,Osterley,744,01/01/2020,209
1660,Osterley juniors,86,21/07/2019,34
1661,Ōtaki River,111,01/01/2022,28
1662,Oudtshoorn,163,20/04/2019,50
1663,Oughterard,96,03/02/2018,25
1664,Our Park,80,07/11/2020,27
1665,Ovens River Trail,78,08/04/2023,23
1666,Owairaka,234,29/04/2023,214
1667,Owairaka,234,24/06/2023,214
1668,Oxford,630,11/01/2020,219
1669,Oyodogawa shiminryokuchi,26,11/01/2020,12
1670,Paarl,835,01/02/2020,356
1671,Pabianice,73,26/03/2016,21
1672,Paddington Rec juniors,57,08/03/2020,20
1673,Padiham Greenway juniors,31,26/06/2022,23
1674,Page Park juniors,167,29/10/2017,130
1675,Pakapakanthi,558,11/01/2020,290
1676,Pakenham,299,01/01/2019,192
1677,Palacerigg Country,166,27/08/2022,69
1678,Pallara,318,01/01/2019,44
1679,Palmerston,144,17/02/2018,90
1680,Palmerston,144,01/01/2020,90
1681,Palmerston North,278,01/02/2020,187
1682,Pałac Książęcy,69,23/09/2023,38
1683,Panania,269,27/02/2016,99
1684,Panboola Wetlands,180,31/12/2022,53
1685,Panshanger,681,01/01/2020,115
1686,Par Track juniors,92,24/04/2022,56
1687,Paradise Point,399,11/02/2023,296
1688,Parc,35,14/05/2022,13
1689,Parc,35,13/08/2022,13
1690,Park Hill Recreation Ground juniors,80,21/05/2023,37
1691,Park im. Jana Pawła II,50,26/10/2019,6
1692,"Park Jana Pawła II, Rymanów-Zdrój",68,30/09/2023,48
1693,Park Lipowy,121,25/02/2023,28
1694,"Park Miejski, Łowicz",104,09/09/2023,57
1695,"Park Miejski, Sosnowiec",75,12/08/2023,53
1696,"Park Miejski, Wejherowo",116,22/06/2019,28
1697,Park Modrzewie,196,15/04/2023,20
1698,Park na Wyspie,100,25/01/2020,20
1699,Park Nadnyski,81,04/11/2023,81
1700,Park Radolińskich,86,19/03/2022,46
1701,Park View juniors,154,16/05/2021,53
1702,Park Wood juniors,56,11/06/2017,
1703,"Park Zdrojowy, Kudowa-Zdrój",44,10/08/2019,18
1704,Parke,241,24/12/2016,173
1705,Parkindula Reserve,140,17/06/2023,43
1706,Parkville,526,01/04/2023,443
1707,Parramatta,437,25/03/2023,285
1708,Patawalonga River,188,07/08/2021,116
1709,Pavilion Gardens,281,19/11/2022,192
1710,PE Hobie Beach,1141,13/01/2018,278
1711,Peace Valley,51,22/07/2023,23
1712,Peacehaven,340,01/01/2020,
1713,Peacehaven juniors,74,25/06/2017,36
1714,Peckham Rye,563,11/01/2020,303
1715,Peckham Rye juniors,134,26/02/2023,91
1716,Peel,475,10/06/2023,348
1717,Pegasus,247,21/04/2018,128
1718,Pegwell Bay,341,01/01/2020,
1719,Penallta,375,01/01/2020,119
1720,Penallta juniors,84,29/10/2017,30
1721,Pendle,173,01/01/2020,74
1722,Penistone,375,13/04/2019,
1723,Pennington Flash,334,01/01/2020,92
1724,Penrhyn,341,26/08/2017,189
1725,Penrith,451,01/01/2020,278
1726,Penrith Lakes,429,01/01/2020,53
1727,Penrose,462,01/01/2020,237
1728,Penryn Campus,117,06/11/2021,72
1729,Penticton,55,21/04/2018,23
1730,"People’s Park juniors, Halifax",70,25/06/2023,56
1731,"People’s Park juniors, Halifax",70,29/10/2023,56
1732,Peoples Park juniors,42,05/09/2021,
1733,Peppertree,232,29/02/2020,29
1734,Perrigo,154,24/11/2022,59
1735,Perry Hall,562,01/01/2019,87
1736,Perry Lakes,272,29/09/2018,174
1737,Perth,530,22/04/2023,
1738,Perth juniors,141,20/05/2018,36
1739,Peter Pan,677,01/01/2019,189
1740,Peter Pan juniors,162,30/04/2017,46
1741,Petrie,720,01/01/2020,105
1742,Phear Park juniors,111,21/08/2022,49
1743,Philips Park,394,25/03/2023,150
1744,Phillip Island,282,28/12/2019,135
1745,Phoenix,202,28/01/2017,89
1746,Phoenix juniors,31,20/10/2019,24
1747,Phoenix juniors,31,05/01/2020,24
1748,Phoenix Park,395,09/03/2019,
1749,Picnic Point Parklands,239,18/03/2023,34
1750,Picton,331,28/04/2018,67
1751,Piet Retief,216,02/03/2019,60
1752,Piet Retief,216,09/03/2019,60
1753,Piggly Wiggly,565,01/01/2020,166
1754,Pinehill juniors,157,21/05/2017,49
1755,Pinner Village Gardens juniors,121,21/05/2023,102
1756,Pioneer,189,12/01/2019,82
1757,Pioneer,189,11/01/2020,82
1758,Pirates Sport Club,50,16/09/2023,15
1759,Pitshanger juniors,144,16/09/2018,68
1760,Pittsworth,73,01/02/2020,
1761,Plantation,98,17/02/2018,20
1762,Plas Newydd juniors,115,29/10/2023,56
1763,Play Close Park juniors,63,11/09/2022,31
1764,Plean,300,18/11/2017,37
1765,Plymvalley,432,11/01/2020,163
1766,Pobalscoil na Tríonóide,135,15/01/2022,40
1767,Pocket,519,01/01/2019,160
1768,Point Cook,244,17/01/2015,113
1769,Point Hut Pond,275,11/02/2023,139
1770,Point Hut Pond,275,18/02/2023,139
1771,Pokkinen,38,11/09/2021,18
1772,Pole Mokotowskie,175,15/12/2018,59
1773,Polkemmet Country,251,01/01/2020,56
1774,Pollok,697,25/12/2019,328
1775,Polokwane,301,13/01/2018,85
1776,Pomphrey Hill,637,01/01/2018,276
1777,Pongola,104,10/08/2019,12
1778,Pont y Bala,138,27/05/2023,47
1779,Pontefract,613,01/01/2019,290
1780,Pontefract juniors,194,27/01/2019,37
1781,Pontypool,232,18/02/2023,50
1782,Pontypool juniors,99,10/05/2015,21
1783,Pontypridd,597,03/06/2023,255
1784,Pontypridd juniors,130,25/06/2023,
1785,Poolbeg,301,18/01/2020,176
1786,Poole,1345,25/12/2019,461
1787,Poolsbrook,625,01/01/2020,173
1788,Poppintree,246,29/02/2020,178
1789,Porch Field,244,11/03/2023,46
1790,Port Alfred,428,28/12/2019,111
1791,Port Augusta,80,24/06/2023,62
1792,Port Broughton,99,03/02/2018,9
1793,Port Fairy,154,28/12/2019,42
1794,Port Hedland,63,04/11/2017,11
1795,Port Lincoln,120,11/01/2020,66
1796,Port Macquarie,417,06/05/2023,241
1797,Port Rzeczny Sandomierz,43,21/10/2023,18
1798,Port Sorell,208,16/06/2018,95
1799,Portarlington,300,01/01/2020,72
1800,Porterstown,303,19/01/2019,77
1801,Porthcawl,669,08/04/2023,287
1802,Portland,149,21/05/2016,41
1803,Portobello,493,01/01/2020,221
1804,Portrack,58,27/08/2022,35
1805,Portrush,483,20/04/2019,241
1806,Portrush juniors,247,27/08/2017,57
1807,Portsmouth Lakeside,429,29/06/2019,241
1808,Portumna,78,31/03/2018,22
1809,Potternewton,362,01/01/2020,110
1810,Poznań,1111,27/12/2015,115
1811,Presint 18,505,23/09/2023,81
1812,Prestatyn Prom juniors,50,28/05/2023,22
1813,Preston,663,11/01/2020,526
1814,Preston Park,867,25/12/2019,381
1815,Preston Park juniors,187,06/03/2022,97
1816,Prestwick Oval juniors,70,21/08/2016,29
1817,Prießnitzgrund,89,17/06/2023,47
1818,Prince of Wales,174,19/11/2022,100
1819,Princes,695,13/05/2023,520
1820,Prinzenpark,42,14/05/2022,19
1821,Priory Park juniors,124,01/03/2020,80
1822,Progression,54,30/04/2022,43
1823,Prospect,293,09/06/2018,123
1824,Prudhoe Riverside,512,01/01/2020,125
1825,Prudhoe Riverside juniors,139,24/12/2017,30
1826,Pruszków,213,01/10/2016,61
1827,Puarenga,186,29/02/2020,129
1828,Puckapunyal,36,13/03/2021,12
1829,Puolarmaari,102,16/10/2021,32
1830,Puszcza Niepołomicka,133,29/04/2023,64
1831,Pymmes,193,07/03/2020,113
1832,Quakers Walk,351,16/09/2023,242
1833,Queanbeyan,226,29/04/2017,98
1834,Queen Elizabeth,424,01/01/2020,73
1835,"Queen Elizabeth, Casino",168,22/06/2019,39
1836,"Queen’s Parade juniors, Aldershot",186,24/03/2019,105
1837,"Queen’s Park juniors, Bolton",142,20/03/2022,30
1838,"Queen’s Park juniors, London",152,17/03/2019,92
1839,"Queen’s Park juniors, London",152,24/03/2019,92
1840,"Queen’s Park juniors, Rochdale",93,16/05/2021,33
1841,"Queen’s, Belfast",339,23/06/2018,118
1842,"Queen’s, Glasgow",313,19/10/2019,188
1843,Queens Domain,399,20/01/2018,253
1844,"Queens Park juniors, Crewe",120,16/05/2021,70
1845,Queenstown,215,31/12/2022,121
1846,Quinns Rocks,245,07/01/2017,116
1847,Railton,114,01/01/2018,59
1848,Railway Park,55,16/10/2021,9
1849,Ramsbottom juniors,99,03/03/2019,42
1850,Raphael,514,11/01/2020,216
1851,Raphael,514,25/01/2020,216
1852,Ravenswood Primary School juniors,23,24/09/2023,17
1853,Ravenswood Primary School juniors,23,08/10/2023,17
1854,Reading,622,14/09/2019,
1855,Rec Plex North,226,09/02/2019,64
1856,Red Point Church,216,12/08/2023,49
1857,Red Star,211,20/04/2019,
1858,Redcar,345,20/05/2023,161
1859,Redcar juniors,135,20/05/2018,32
1860,Redcliffe,723,16/09/2017,180
1861,Redland Bay,394,10/06/2017,102
1862,Reeuwijkse Hout,62,29/05/2023,30
1863,Reigate Priory,441,01/01/2020,199
1864,Reigate Priory juniors,194,08/09/2019,56
1865,Rendlesham Forest,143,12/08/2023,81
1866,Renmark,153,25/01/2020,57
1867,Renton,87,01/01/2020,29
1868,Reynella East,224,29/02/2020,107
1869,Rezerwat Strzelnica,125,29/02/2020,52
1870,Rheinaue,83,30/04/2022,83
1871,Rheinaue,83,04/11/2023,83
1872,Rheinpark,197,03/10/2022,31
1873,Rhodes,610,23/09/2023,458
1874,Richards Bay,428,13/08/2016,75
1875,Richmond Olympic,140,01/07/2023,80
1876,Richmond Park,913,01/01/2020,317
1877,Rickmansworth,726,18/01/2020,307
1878,Riddlesdown,295,16/09/2017,62
1879,Riemer,85,30/09/2023,57
1880,Rietvlei,2202,20/01/2018,720
1881,Ringsend juniors,38,10/09/2023,12
1882,Risdon Brook,241,13/01/2018,42
1883,Rising Sun,869,01/01/2019,238
1884,River Oaks,148,01/07/2023,39
1885,River Valley,265,07/01/2017,100
1886,River Valley juniors,88,07/08/2022,27
1887,"River Valley, Edmonton",80,01/07/2023,70
1888,Riverbank,333,19/10/2019,45
1889,Riverfront,628,01/01/2019,205
1890,Riverside,791,01/01/2020,350
1891,Riverside Gardens juniors,102,12/09/2021,52
1892,Riverside Gardens juniors,102,19/09/2021,52
1893,Riverside juniors,183,09/06/2019,92
1894,"Riverside juniors, Ballymoney",82,06/10/2019,28
1895,"Riverside juniors, St Neots",115,21/07/2019,
1896,Riverside Park,62,13/05/2023,23
1897,Riverside Walk,28,28/10/2023,
1898,"Riverside, Grand Rapids",106,08/07/2023,30
1899,"Riverside, Kamloops",56,30/09/2023,
1900,Riversley Park juniors,80,09/07/2023,40
1901,Riverway,417,10/03/2018,304
1902,Riviera on Vaal,430,27/10/2018,77
1903,Robelle Domain,431,08/10/2022,200
1904,Roberts Park,574,07/10/2023,391
1905,Robertson,524,12/05/2018,65
1906,Rock Creek Trail,96,01/07/2023,39
1907,Rockfield juniors,78,06/02/2022,14
1908,Rockhampton,427,18/03/2017,279
1909,Rockingham,389,17/03/2018,299
1910,Rocks Riverside,756,04/01/2020,425
1911,Roding Valley,228,12/01/2019,89
1912,Roding Valley juniors,108,15/09/2019,
1913,Rogiet,151,21/01/2023,76
1914,Rogiet juniors,58,08/10/2023,27
1915,Roma,103,07/03/2020,58
1916,Roma Pineto,133,07/10/2023,31
1917,Rondebosch Common,1085,16/02/2019,526
1918,Rondebult,283,07/10/2017,31
1919,Roodepoort,1449,20/01/2018,364
1920,Rooi Point Farm,119,09/09/2023,74
1921,Roosevelt Island DC,185,26/08/2023,120
1922,Rooty Hill,273,28/10/2023,208
1923,Ros Gregor Trail,134,12/10/2019,32
1924,"Rose, Lenasia",275,20/10/2018,118
1925,Rosebud,402,17/02/2018,218
1926,Rosehill Victoria juniors,33,20/03/2022,13
1927,Rosehill Victoria juniors,33,02/07/2023,13
1928,Rosensteinpark,97,17/06/2023,64
1929,Roses,473,24/02/2018,98
1930,Rosliston,743,01/01/2020,174
1931,Ross-on-Wye,301,03/08/2019,
1932,Rossmere juniors,43,15/04/2018,13
1933,Rostrevor,140,26/11/2016,
1934,Rothay Park,202,06/05/2023,157
1935,Rother Valley,578,18/01/2020,333
1936,Rotherham,298,26/03/2022,124
1937,Rothwell,678,01/01/2020,372
1938,Rouen,211,15/12/2018,
1939,Rouken Glen juniors,247,29/10/2017,95
1940,Roundhay,558,25/12/2019,353
1941,Roundhay juniors,188,21/05/2017,92
1942,Roundshaw Downs,508,29/04/2023,119
1943,Rouse Hill,297,01/12/2018,121
1944,"Royal Canal, Kilcock",288,13/04/2019,124
1945,Royal Tunbridge Wells,387,20/04/2019,153
1946,Rubbenbruchsee,71,13/01/2018,10
1947,Ruchill,155,15/04/2017,100
1948,Rugby,366,04/02/2017,
1949,Ruimsig,1186,19/01/2019,271
1950,Rumia,236,29/12/2018,27
1951,Rush juniors,183,24/01/2016,30
1952,Rushcliffe,688,11/01/2020,419
1953,Rushcliffe juniors,177,10/01/2016,95
1954,Rushmere,274,03/06/2017,208
1955,Rushmoor,740,18/01/2020,349
1956,Russborough,99,11/09/2021,59
1957,Russell Park,95,09/04/2022,30
1958,Ruthin Memorial Playing Fields,221,28/05/2022,80
1959,Rutland Water,699,01/01/2020,175
1960,Rutland Water juniors,138,12/05/2019,71
1961,Ryelands Park juniors,66,30/10/2022,42
1962,Rzeszów,102,22/10/2022,22
1963,S.S. Koopa Trail,391,16/01/2021,93
1964,Saint-Paulin,62,21/01/2017,5
1965,Salcey Forest,370,04/01/2020,131
1966,Sale,210,22/04/2017,59
1967,Sale Water,775,01/01/2019,139
1968,Salento,53,06/05/2023,11
1969,Salford juniors,92,12/03/2017,58
1970,Salford juniors,92,19/08/2018,58
1971,Salisbury,617,26/01/2019,
1972,Salisbury Field juniors,128,24/09/2023,99
1973,Salt Hill juniors,90,21/07/2019,20
1974,Saltaire juniors,169,10/01/2016,97
1975,Saltwell juniors,131,12/03/2023,
1976,San Remo,466,27/01/2018,63
1977,"Sand River, Virginia",234,10/11/2018,86
1978,Sandall Park,392,01/06/2019,224
1979,Sandall Park juniors,80,02/07/2023,43
1980,Sandgate,712,17/06/2023,443
1981,Sandhurst Memorial,337,07/12/2019,
1982,Sandon Point,401,28/01/2023,135
1983,Sandringham,317,04/06/2022,164
1984,Sandwell Valley,219,07/03/2020,78
1985,Sandy Water,228,01/07/2023,103
1986,Sanukikodomonokuni,56,17/12/2022,21
1987,Sanuma koikikoen Kanouen,53,05/11/2022,34
1988,Sardinia Bay,549,12/01/2019,128
1989,Sasolburg Stadium,290,21/10/2023,166
1990,Savill Garden juniors,285,07/05/2017,89
1991,Schoterbos,155,26/08/2023,46
1992,Schwanenteich,188,31/08/2019,70
1993,Scribbly Gums Conservation,254,05/11/2022,80
1994,Scunthorpe,920,01/01/2020,296
1995,Seacliff Esplanade,386,25/12/2019,191
1996,Seaford Beach,347,20/04/2019,
1997,Seaton,401,20/04/2019,
1998,Secunda,539,18/01/2020,210
1999,Sedgefield,485,01/06/2019,231
2000,Sedgefield juniors,161,12/06/2016,50
2001,Seewoog,104,15/09/2018,46
2002,Selby,300,16/12/2017,152
2003,Sence Valley Forest Park,290,07/10/2023,
2004,Senekal,52,14/01/2023,11
2005,Seotlong Agriculture School,84,13/05/2023,33
2006,Settlers Park,373,03/06/2023,184
2007,Seven Fields,254,04/09/2021,177
2008,Severn Bridge,387,04/01/2020,176
2009,Severn Valley Country,256,01/01/2020,47
2010,Sewerby,461,20/04/2019,243
2011,Seymour Park juniors,134,27/02/2022,41
2012,Shanganagh,308,18/01/2020,141
2013,SHAPE,44,05/08/2023,26
2014,Sharpham Estate,262,08/04/2023,90
2015,Sharpham Road Playing Fields,196,02/09/2023,58
2016,Shawnigan Hills,126,17/06/2023,17
2017,Sheep River,74,09/09/2023,34
2018,Sheffield Castle,304,21/10/2023,148
2019,Sheffield Olympic Legacy Park juniors,141,16/05/2021,40
2020,Shelbourne juniors,115,06/10/2019,26
2021,Shelley,377,29/10/2016,222
2022,Shelley juniors,104,10/06/2018,
2023,Shellharbour,402,28/12/2019,88
2024,Shepparton,298,13/01/2018,202
2025,Shepton Mallet,344,29/04/2017,139
2026,Sheringham,474,26/08/2023,140
2027,Sherwood Pines,450,11/01/2020,212
2028,Sherwood Reserve,265,03/07/2021,88
2029,Shingashigawa Ukima,72,22/07/2023,25
2030,Shipley Country,376,01/01/2019,156
2031,Shipley Country juniors,137,14/07/2019,19
2032,Shipwreck,135,25/08/2018,42
2033,Shirahama koen,49,17/06/2023,27
2034,Shiraz Trail,216,04/05/2019,35
2035,Shongweni,598,20/01/2018,
2036,Shorne Woods,781,01/01/2020,161
2037,Shrewsbury,733,04/01/2020,412
2038,Shrewsbury juniors,224,12/03/2017,102
2039,Silksworth,317,13/01/2018,168
2040,Silloth Promenade,76,30/09/2023,67
2041,Silloth Promenade,76,28/10/2023,67
2042,Silveroaks,526,01/12/2018,55
2043,Singleton,222,23/08/2014,76
2044,Sippo Lake,118,27/08/2022,52
2045,Sirromet,620,09/01/2016,36
2046,Sittingbourne,345,01/01/2019,78
2047,Sixfields Upton,422,06/07/2019,146
2048,Sixmilewater,490,20/07/2019,
2049,Sizewell,247,20/04/2019,68
2050,Skatås,70,14/10/2023,
2051,Skelmersdale juniors,91,18/12/2016,26
2052,Skien Fritidspark,21,30/07/2022,6
2053,Skierniewice,68,20/07/2019,21
2054,Skipton,303,11/01/2020,164
2055,Skórzec,76,28/04/2018,14
2056,Slades juniors,167,05/09/2021,72
2057,Sligo,181,14/05/2022,142
2058,Sloughbottom,317,26/10/2019,215
2059,"Słodowo, Włocławek",131,11/01/2020,60
2060,Snowden Field,136,15/10/2022,
2061,Soham Village College,242,25/01/2020,51
2062,Somerdale Pavilion,268,24/06/2023,71
2063,Somerset East,98,29/01/2022,31
2064,Somerset West,514,10/09/2016,125
2065,Sonsbeek,98,02/09/2023,53
2066,South Bank,1010,25/12/2019,544
2067,South Beach Estate juniors,60,09/10/2022,12
2068,South Beach Recreation Reserve,191,20/11/2021,101
2069,South Boulder Creek,69,15/07/2023,57
2070,South Manchester,819,01/01/2020,394
2071,South Manchester juniors,122,28/04/2019,53
2072,South Norwood,300,09/03/2019,94
2073,South Oxhey,159,02/02/2019,41
2074,South Para Reservoir,79,05/06/2021,33
2075,South Park juniors,148,22/07/2018,64
2076,South Shields,578,23/09/2017,165
2077,South Toowoomba,522,15/02/2020,230
2078,South Woodham Ferrers,346,01/01/2020,83
2079,Southall,212,22/01/2022,43
2080,Southampton,1612,18/01/2020,826
2081,Southampton Common juniors,99,09/10/2022,74
2082,Southampton juniors,217,07/05/2017,61
2083,Southend,552,25/01/2020,164
2084,Southern Highlands Botanic Gardens,161,14/05/2022,72
2085,Southport,539,01/01/2020,309
2086,Southsea,657,18/01/2020,
2087,Southwark,705,01/01/2020,339
2088,Southwick Country Park,417,24/12/2016,133
2089,Spencer Park juniors,84,02/07/2023,30
2090,Speyer Leinpfad,104,01/04/2023,41
2091,Spindle Tree,122,28/10/2023,46
2092,Sport Ireland Campus,147,23/10/2021,45
2093,Sportpark Rems,66,09/09/2023,27
2094,Spring Creek,24,25/03/2023,
2095,Springbok,90,20/08/2016,15
2096,Springburn,306,11/05/2019,141
2097,Springburn juniors,53,29/05/2022,23
2098,Springhill,45,22/12/2018,6
2099,Springs,770,18/02/2017,150
2100,Squerryes Winery,227,14/09/2019,80
2101,St Albans,739,11/01/2020,239
2102,St Andrews,751,23/09/2023,247
2103,St Anne’s,911,30/09/2023,406
2104,St Anne’s juniors,301,13/01/2019,97
2105,St Fergal’s College juniors,41,16/10/2022,16
2106,St Francis,959,29/12/2018,83
2107,St George,49,23/01/2021,31
2108,St Helens,566,01/01/2019,341
2109,St Lucia,800,24/03/2018,225
2110,St Mary’s,206,14/08/2021,88
2111,St Mary’s Campus juniors,49,02/04/2023,18
2112,St Nicholas juniors,110,02/07/2023,64
2113,St Peters,501,14/01/2023,362
2114,Stadspark,112,05/08/2023,38
2115,"Stadspark, Sittard",57,09/09/2023,29
2116,Stadtpark,48,07/10/2023,27
2117,"Stadtpark, Graz",52,07/10/2023,
2118,Stamford Park,217,18/01/2020,114
2119,Standerton,209,10/03/2018,64
2120,Stanley Park juniors,111,29/10/2017,45
2121,Stanthorpe,150,07/03/2020,70
2122,Stanthorpe,150,08/04/2023,70
2123,Stavanger,109,12/08/2023,36
2124,Staveley juniors,48,11/04/2021,
2125,Stebonheath,158,15/10/2022,44
2126,Sterkfontein,449,22/09/2018,156
2127,Stevenage,586,11/01/2020,291
2128,Stevenage juniors,94,08/09/2019,48
2129,Stevens Park juniors,68,15/09/2019,37
2130,Stewart,588,01/01/2020,328
2131,Stilbaai West Beach,352,24/12/2022,88
2132,Stirling juniors,104,25/10/2015,52
2133,Stockley Country,417,07/01/2023,44
2134,Stockton,347,13/12/2014,165
2135,Stokes Bay juniors,184,04/06/2017,84
2136,Stonehaven,129,01/01/2020,42
2137,Stonehouse,383,01/01/2020,
2138,Stonehouse juniors,117,19/05/2019,
2139,Stones Corner,583,04/03/2023,445
2140,Stopline Way juniors,28,13/08/2023,24
2141,Storeys Field,563,24/12/2022,413
2142,Stormont,776,01/01/2020,247
2143,Stowmarket Recreation Ground juniors,70,22/05/2022,40
2144,"Stratford Park, Stroud",320,01/01/2020,
2145,Stratford-upon-Avon,721,01/01/2020,190
2146,Stratford-upon-Avon Rec juniors,142,16/05/2021,56
2147,Strathalbyn,208,01/01/2020,54
2148,Strathclyde,510,05/01/2019,443
2149,Strathcona Island,85,14/09/2019,37
2150,Street,226,25/12/2018,64
2151,Stretford,962,01/01/2020,625
2152,Strokestown,204,01/01/2020,58
2153,Studley,379,29/02/2020,201
2154,Stutterheim,218,14/04/2018,28
2155,Sudbury,26,10/08/2019,3
2156,Sunbury,346,25/11/2017,69
2157,Sunny Hill,140,30/03/2019,65
2158,Sunrise-on-Sea,454,01/01/2019,158
2159,Sunset Hills Shitasanbashi,45,30/09/2023,12
2160,Sunshine Beach,35,11/03/2023,14
2161,Surbiton juniors,178,25/04/2021,120
2162,Surfers Paradise,244,01/07/2023,105
2163,Susquehanna Riverwalk,22,23/10/2021,11
2164,Sutcliffe,314,13/05/2023,223
2165,Sutton Lawn juniors,80,02/02/2020,33
2166,Sutton Manor,270,18/01/2020,48
2167,Sutton Park,580,01/01/2019,272
2168,Swadlincote juniors,123,10/06/2018,76
2169,Swaffham,186,20/04/2019,29
2170,Swakopmund,212,04/01/2020,84
2171,Swaleside,43,18/03/2023,13
2172,Swanley,209,06/11/2021,
2173,Swansea Bay,639,26/08/2023,401
2174,Swansea Prom juniors,66,09/07/2023,48
2175,Swellendam,216,21/10/2017,52
2176,Świdwin,234,03/11/2018,63
2177,Świnoujście,230,10/11/2018,35
2178,Szczecin,144,22/04/2017,67
2179,Szczecinek,97,05/10/2013,17
2180,"Szubianki, Zagórów",79,07/05/2022,18
2181,Talkin Tarn Country Park,212,15/01/2022,114
2182,Tallangatta Station,99,29/04/2023,33
2183,Tamagawa chuo koen,39,29/10/2022,15
2184,Tamar Lakes,256,12/08/2023,110
2185,Tamar Trails,189,20/04/2019,93
2186,Tamborine Mountain,164,01/01/2020,36
2187,Tampere,127,13/10/2018,
2188,Tamworth,309,15/02/2020,168
2189,Tamworth Castle Grounds,374,28/10/2023,
2190,Tamworth Wetlands,278,11/08/2018,91
2191,Tannum Sands,109,28/01/2023,53
2192,Tapijn,108,29/05/2023,55
2193,Taree,196,28/12/2019,151
2194,Taupō,207,08/04/2023,111
2195,Tauranga,272,28/04/2018,125
2196,Tawd Valley,242,01/01/2020,136
2197,Tczew,1774,13/05/2023,252
2198,Ted Scobie Oval,78,06/02/2021,20
2199,Teifi Marshes Nature Reserve,159,02/09/2023,75
2200,Teignmouth Promenade,396,07/03/2020,
2201,Telford,718,01/01/2020,316
2202,Temple Newsam,483,01/01/2016,173
2203,Temple Newsam juniors,135,21/06/2015,48
2204,Templemore,208,14/01/2017,68
2205,Tennogawa koen,28,23/10/2021,22
2206,Terme,75,15/12/2018,16
2207,Tern Hill,36,28/09/2019,10
2208,Tern Hill,36,23/09/2023,10
2209,Terry Hershey,133,25/01/2020,65
2210,Tetbury Goods Shed,177,07/03/2020,95
2211,Tewkesbury,181,20/07/2019,
2212,"Thames Path, Woolwich",502,16/09/2023,152
2213,The Avenues,87,12/06/2021,24
2214,The Beaches,644,01/01/2019,44
2215,The Beaches,644,01/01/2020,44
2216,The Cinder Track,227,26/08/2023,113
2217,The Entrance,243,25/01/2020,52
2218,The Glen,27,18/03/2023,7
2219,The Grand Canal Way,117,08/10/2022,39
2220,The Grange,73,05/11/2022,4
2221,The Great Field,389,29/07/2023,236
2222,The Great Field juniors,62,31/07/2022,40
2223,The Leas,194,02/11/2019,35
2224,The Meadows juniors,154,25/08/2019,84
2225,The Mystery juniors,136,22/10/2023,90
2226,The Mystery juniors,136,29/10/2023,90
2227,The Old Rail Trail juniors,70,30/04/2023,58
2228,The Old Showfield,284,04/01/2020,141
2229,The Pastures,205,12/01/2019,61
2230,The Ponds,708,29/02/2020,545
2231,The Reeds,329,08/10/2022,110
2232,The Spinney,48,21/05/2022,24
2233,The Station Yard juniors,83,04/07/2021,35
2234,The Terrace,693,30/01/2016,115
2235,The Wammy,674,01/01/2020,188
2236,The Waterfront juniors,200,11/08/2019,
2237,The Wirral Way juniors,85,05/09/2021,38
2238,Thetford,407,01/01/2020,186
2239,Third Creek Greenway,35,03/09/2022,14
2240,Thomas Mills,171,08/06/2019,
2241,Thonock Lane Farm,122,14/10/2023,79
2242,Thornbury,337,18/11/2017,
2243,Thorndon juniors,62,02/05/2021,29
2244,Thornham Walks,208,17/06/2023,
2245,Thorp Perrow,259,09/09/2023,
2246,Thousand Hills,478,01/01/2018,75
2247,Thurrock,175,25/01/2020,63
2248,Thurso,130,01/06/2019,65
2249,Tidworth,181,11/06/2022,79
2250,Tilgate,722,18/01/2020,346
2251,Tilgate juniors,321,08/01/2017,42
2252,Timboon,151,13/05/2017,50
2253,Tinley Manor,291,02/09/2017,43
2254,Toboshane Valley Estate,185,04/06/2022,
2255,Tokoinranta,166,18/05/2023,55
2256,Tolka Valley,180,17/02/2018,49
2257,Tollcross,411,01/01/2020,100
2258,Tolson juniors,97,24/04/2016,21
2259,Tonbridge,788,20/04/2019,
2260,Tonbridge juniors,169,08/09/2019,104
2261,Toolern Creek,212,07/02/2015,75
2262,Tooting Common,1092,11/01/2020,447
2263,Tooting Common juniors,192,23/06/2019,111
2264,Toowoomba,618,04/02/2023,372
2265,Torbay Velopark,417,20/04/2019,280
2266,Torbay Velopark juniors,83,19/05/2019,
2267,Torquay,387,07/01/2023,220
2268,Torrens,552,08/02/2020,321
2269,Torridge juniors,183,16/07/2017,23
2270,Toruń,245,12/08/2023,157
2271,Torvean,512,30/09/2023,198
2272,Torvean juniors,120,28/05/2023,76
2273,Town Beach,123,15/07/2023,58
2274,Town Moor,842,30/03/2019,568
2275,Town Moor juniors,212,07/05/2017,74
2276,Tøyen,168,01/05/2023,86
2277,Tralee,350,01/01/2019,229
2278,Tralee juniors,266,30/04/2017,69
2279,Tramore,309,23/01/2016,122
2280,Tramore Valley,533,23/01/2016,229
2281,Traralgon,289,17/10/2015,109
2282,Traumschleife Bärenbachpfad,45,17/09/2022,11
2283,Trelai Park,173,03/06/2023,20
2284,Trelissick,341,20/04/2019,199
2285,Tremorfa,217,29/02/2020,52
2286,Trentham Gardens,698,28/01/2023,557
2287,Trentham Memorial,257,30/01/2021,67
2288,Treviso,63,25/03/2023,28
2289,Troon,298,01/01/2020,131
2290,Tsakane Wetlands,187,23/03/2019,37
2291,Tsujido kaihin koen,50,23/09/2023,40
2292,Tsurumi Ryokuchi,69,07/10/2023,
2293,Tuggeranong,592,01/01/2019,244
2294,Tullow,258,04/01/2020,115
2295,Two Rivers Wines,114,14/10/2023,63
2296,Tychy,102,17/03/2018,22
2297,Tymon,441,01/01/2020,97
2298,Tyne Green,329,22/06/2019,
2299,Tyne Green juniors,106,27/11/2022,
2300,Tynwald Park,82,10/09/2022,29
2301,TYTO Wetlands,35,12/12/2020,7
2302,TYTO Wetlands,35,06/02/2021,7
2303,Tzaneen,375,22/02/2020,68
2304,Uckfield,321,04/05/2019,66
2305,Uditore,68,19/05/2018,22
2306,Umbagong District,180,15/07/2023,113
2307,Umfolozi,119,11/08/2018,36
2308,Umhlanga,906,09/06/2018,340
2309,Umstead Park,84,25/03/2023,38
2310,Underwood Park,482,17/12/2016,173
2311,Unisee,64,01/10/2022,54
2312,University of Northampton,333,29/07/2023,186
2313,University of Stirling,361,12/10/2019,225
2314,University of Waikato,190,07/11/2020,88
2315,University of Western Australia,566,30/07/2022,125
2316,University Parks,676,07/10/2023,442
2317,Upington,212,20/01/2018,52
2318,Uppermill juniors,80,09/07/2023,53
2319,Uppsala,149,06/06/2023,28
2320,Upton Court,424,01/01/2019,109
2321,Upton House,661,03/06/2023,269
2322,Upton House juniors,185,12/01/2020,73
2323,Urayasushi sogo koen,55,15/07/2023,16
2324,Urunga,92,24/08/2019,33
2325,Ury Riverside,300,18/01/2020,
2326,Uvongo,636,29/12/2018,184
2327,Vääksyn kanava,53,13/10/2018,19
2328,Vaal Marina,369,28/04/2018,17
2329,Valentines,445,01/01/2020,206
2330,Valhalla,1067,04/02/2017,124
2331,Vallaskogen,75,17/08/2019,27
2332,Valley,259,01/01/2020,115
2333,Vandeleur,131,24/12/2016,68
2334,Varsity Lakes,330,01/01/2020,174
2335,Växjösjön,727,06/06/2023,20
2336,Vejen,49,24/12/2011,12
2337,Velskoendraai,139,02/09/2023,66
2338,Verulamium juniors,227,12/05/2019,
2339,Vicarstown,193,18/02/2017,78
2340,Vicarstown juniors,193,17/02/2019,58
2341,Victor Harbor,278,31/12/2022,69
2342,Victoria,556,25/01/2020,489
2343,Victoria Dock,699,22/04/2023,134
2344,"Victoria juniors, Glasgow",193,21/08/2016,83
2345,"Victoria juniors, Macclesfield",120,21/07/2019,52
2346,"Victoria juniors, St Helens",63,02/07/2023,35
2347,Victoria Lake,1047,20/01/2018,302
2348,"Victoria, Kitchener",63,26/08/2023,23
2349,"Victoria, Truro",56,12/08/2023,26
2350,Victory Heights Trail,199,16/02/2019,81
2351,Vogrie,443,01/01/2020,118
2352,Volksgarten,174,03/10/2023,106
2353,Vredendal,227,18/11/2017,46
2354,Vryheid,337,16/06/2018,53
2355,Wagga,361,02/09/2017,108
2356,Wagi Bridge,349,26/10/2019,61
2357,Waitangi,287,25/03/2023,191
2358,Wakefield Thornes,464,11/01/2020,
2359,Wakefield Thornes juniors,210,20/01/2019,
2360,Walcha,181,29/02/2020,13
2361,Wallaby Track,219,01/01/2020,92
2362,Wallace,462,01/06/2019,210
2363,Wallaceneuk,144,18/01/2020,66
2364,Walmer and Deal Seafront,342,11/01/2020,80
2365,Walsall Arboretum,739,25/12/2019,272
2366,Walthamstow,207,27/01/2018,78
2367,Walton,16,27/04/2019,8
2368,Walton,16,25/05/2019,8
2369,Walton,16,15/07/2023,8
2370,Walvis Bay,346,24/02/2018,85
2371,Wanaka,156,07/01/2023,89
2372,Wangaratta,172,08/04/2023,68
2373,Wanneroo,275,21/04/2018,86
2374,Wanstead Flats,384,11/01/2020,156
2375,War Memorial Park juniors,105,01/10/2023,56
2376,Ward End juniors,39,30/07/2023,12
2377,Wardown juniors,87,30/09/2018,28
2378,Warner Lakes,442,01/01/2020,228
2379,Warragul,170,30/09/2023,167
2380,Warrandyte River Reserve,125,05/08/2023,118
2381,Warren County Armco,63,28/10/2023,22
2382,Warren Hill,133,29/02/2020,37
2383,Warringal Parklands,727,15/02/2020,239
2384,Warrington,717,11/01/2020,298
2385,Warrington juniors,133,14/01/2018,54
2386,Warrnambool,228,25/01/2020,147
2387,Warszawa-Bródno,108,09/04/2016,59
2388,Warszawa-Praga,343,13/05/2023,119
2389,Warszawa-Ursynów,174,29/01/2022,80
2390,Warszawa-Żoliborz,99,14/04/2018,44
2391,Warwick,173,08/02/2014,48
2392,Warwick Racecourse,478,18/01/2020,231
2393,Wascana,253,03/08/2019,56
2394,Wataraseyusuichi,129,04/06/2022,53
2395,Waterakkers,84,01/04/2023,21
2396,Waterfall,992,19/01/2019,209
2397,Watergrove,148,15/12/2018,105
2398,Waterloo Park juniors,83,29/10/2023,76
2399,Waterloo Plains,43,12/12/2020,8
2400,Waterlooville juniors,102,24/09/2017,54
2401,Watermead Country Park,346,21/05/2022,
2402,Watermead Country Park juniors,67,02/07/2023,
2403,Watermeadows,230,02/03/2019,110
2404,Waterstown,378,14/01/2017,46
2405,Waterworks,557,01/01/2020,315
2406,Waterworks juniors,181,17/04/2016,42
2407,Wauchope,162,01/01/2019,54
2408,Wednesfield juniors,47,25/07/2021,25
2409,Weedon Island Preserve,69,28/12/2019,43
2410,Weipa,118,13/08/2016,33
2411,Welkom,418,30/03/2019,106
2412,Wellington,247,24/09/2016,50
2413,Wells Estate,156,01/01/2020,16
2414,Weltevrede Wine Estate,127,08/10/2022,17
2415,Wendover Woods,475,01/01/2020,151
2416,Wentworth Common,259,03/12/2022,191
2417,Wepre,409,01/01/2020,73
2418,Werribee Park Mansion,143,09/04/2022,
2419,Werrington Lakes Reserve,339,01/01/2020,39
2420,Wertwiesen,93,15/07/2023,31
2421,Wes Mitchell Park,112,29/07/2023,27
2422,West Beach,402,18/01/2020,366
2423,West Coast Park,170,07/09/2019,72
2424,West End juniors,52,05/09/2021,
2425,West Links,161,15/01/2022,128
2426,West Lothian Cycle Circuit juniors,108,27/08/2023,78
2427,Westbury Town Common,144,30/07/2022,46
2428,Westerfolds,504,01/01/2020,112
2429,Westerfolds juniors,146,27/05/2018,86
2430,Western Springs,246,11/01/2020,176
2431,Westmill,216,01/01/2019,56
2432,Weston-super-Mare juniors,119,22/05/2016,28
2433,Westpark,185,07/10/2023,122
2434,Westport,205,09/09/2023,93
2435,Westside Playing Fields juniors,115,14/11/2021,
2436,Westville,662,30/06/2018,120
2437,Wetherby,179,29/06/2019,
2438,Wexford Racecourse,547,28/09/2019,54
2439,Weymouth,696,20/04/2019,256
2440,Weymouth juniors,284,16/04/2017,26
2441,Whakatane Gardens,111,03/09/2022,55
2442,Whalan Reserve,190,01/01/2023,31
2443,Whaley Bridge juniors,118,02/10/2016,22
2444,Whanganui Riverbank,84,08/04/2023,81
2445,Whangarei,245,04/02/2023,212
2446,Whinlatter Forest,421,01/01/2020,93
2447,Whitby,97,01/07/2023,77
2448,White River,183,19/01/2019,30
2449,White Rock,318,04/03/2017,33
2450,Whitehaven,131,13/04/2019,45
2451,Whitekirk Hill,97,04/11/2023,97
2452,Whitelands Farm juniors,172,02/02/2020,25
2453,Whiteley,460,01/01/2020,221
2454,Whitemark Wharf,126,02/09/2023,29
2455,Whitfords Nodes,241,18/11/2017,88
2456,Whitley Bay,567,18/01/2020,535
2457,Whitley Bay juniors,342,09/06/2019,75
2458,Whitstable,525,01/06/2019,185
2459,Whitstable juniors,126,05/05/2019,29
2460,Wickford Memorial,366,03/06/2023,161
2461,Wicksteed juniors,101,05/01/2020,
2462,Widnes,510,01/01/2020,377
2463,Widnes juniors,157,21/05/2017,40
2464,Wienburgpark,51,11/02/2023,48
2465,Wildflower,212,08/04/2023,161
2466,Willoughby,374,04/11/2023,374
2467,Willow,261,04/02/2023,138
2468,Wilmslow,525,01/01/2020,274
2469,Wilmslow juniors,178,16/06/2019,115
2470,Wilson Botanic,179,27/08/2016,59
2471,Wilson Inlet Heritage Trail,117,02/09/2023,71
2472,Wilton Park juniors,40,21/05/2023,19
2473,Wimbledon Common,1074,11/02/2023,339
2474,Wimbledon Park juniors,269,09/06/2019,
2475,"Wimmera River, Horsham",243,25/08/2018,110
2476,Wimpole Estate,493,24/12/2016,
2477,Wimpole Estate juniors,195,07/05/2017,25
2478,Winchester,507,01/06/2019,
2479,Winchester juniors,153,11/09/2022,
2480,Windhoek,185,18/01/2020,54
2481,Windmill Hill juniors,150,05/11/2017,75
2482,Windsor Precinct,217,01/01/2020,77
2483,Windy Nook,215,02/12/2017,56
2484,Winterton,277,28/04/2018,84
2485,Winthrop Trailhead,28,23/07/2022,15
2486,Wirral Country Park juniors,163,23/09/2018,95
2487,Wisbech,202,02/09/2023,152
2488,Wisbech juniors,65,26/05/2019,32
2489,Wisbech juniors,65,25/04/2021,32
2490,Wishart,412,29/02/2020,219
2491,Witney,393,22/06/2019,124
2492,Wits,500,03/09/2022,163
2493,Witton,273,29/08/2015,
2494,Wöhrder See,261,09/09/2023,89
2495,Woking,439,01/01/2020,
2496,Woking juniors,229,21/05/2023,
2497,Wolford Wood,140,25/02/2023,38
2498,Wollaton Hall,603,08/02/2020,341
2499,Wolverhampton,520,01/02/2020,215
2500,Wondai,175,25/06/2022,47
2501,Wood Green juniors,88,12/09/2021,63
2502,Woodbank,396,08/10/2022,197
2503,Woodbridge Riverside,429,06/02/2016,139
2504,Woodgate Valley Country Park,309,17/06/2023,
2505,Woodhouse Moor,799,11/01/2020,695
2506,Woodlands,1157,20/01/2018,462
2507,Woodlands Historic Park,171,27/05/2023,66
2508,Woodley,659,01/01/2019,257
2509,Woodley juniors,290,17/09/2017,193
2510,Woolacombe Dunes,339,24/08/2019,98
2511,Worcester,750,24/12/2016,290
2512,Worcester Pitchcroft,626,01/01/2019,126
2513,Worden,317,28/10/2023,
2514,Worden Park juniors,128,18/04/2021,
2515,Workington,218,28/04/2018,105
2516,Worksop College juniors,91,17/02/2019,14
2517,Wormwood Scrubs,186,07/09/2019,65
2518,Worsley Woods,639,11/01/2020,531
2519,Worthing,689,04/01/2020,
2520,Worthing Leisure Centre juniors,140,26/01/2020,73
2521,Wotton,304,22/10/2016,35
2522,Wotton Community PARC juniors,48,04/07/2021,9
2523,Wotton Community PARC juniors,48,12/09/2021,9
2524,Woy Woy,338,08/04/2023,170
2525,Wrocław,186,25/11/2017,96
2526,Wycombe Rye,666,18/01/2020,288
2527,Wycombe Rye juniors,170,14/05/2017,29
2528,Wyndham juniors,110,11/06/2023,51
2529,Wyndham Vale,257,01/01/2020,138
2530,Wynnum,454,15/02/2020,309
2531,Wynyard Foreshore,116,25/08/2018,60
2532,Wynyard Woodland,414,15/04/2023,60
2533,Wyre Forest,339,18/01/2020,137
2534,Wyre Forest juniors,68,21/07/2019,28
2535,Wyre Forest juniors,68,08/09/2019,28
2536,Wythenshawe,462,15/07/2023,219
2537,Wzniesienie Osowy,108,26/03/2022,
2538,Yackandandah Rail Trail,101,22/04/2023,34
2539,Yamba,178,08/04/2023,49
2540,Yarborough Leisure Centre,449,04/02/2023,187
2541,Yarrabilba,227,01/02/2020,101
2542,Yatton Recreation juniors,134,22/09/2019,18
2543,Yeldulknie Weir Trail,72,27/04/2019,20
2544,Yeovil Rec juniors,115,04/08/2019,40
2545,Yeppoon,134,08/04/2023,96
2546,Yodogawa kasenkoen Hirakata chiku,201,14/12/2019,68
2547,Yokine,245,25/11/2017,198
2548,York,803,25/12/2019,659
2549,You Yangs,129,24/09/2016,34
2550,Yowie,228,02/02/2019,34
2551,Yuuka Family Road,38,19/03/2022,
2552,Zalew Wrzesiński,189,16/09/2023,58
2553,Zalew Żyrardowski,76,14/12/2019,21
2554,Zamek w Malborku,121,22/10/2022,20
2555,Zandvlei,661,19/01/2019,179
2556,Żary,281,22/07/2017,56
2557,Zastron Commons,66,21/01/2023,9
2558,Ziegelwiese,49,11/01/2020,27
2559,Ziegelwiese,49,03/10/2023,27
2560,Zielona Góra,82,04/08/2018,38
2561,Zielony Jar,122,22/04/2023,46
2562,Zillmere,484,20/01/2018,51
2563,Zuiderpark,313,27/05/2023,140
